,LGA,Period,%_responses_more_than_15min,avg_response_time_min,total_num_first_responses
0,Alpine,30/06/2017,48.6%,21:10,142
1,Ararat,30/06/2017,62.2%,17:10,143
2,Ballarat,30/06/2017,88.8%,10:30,"1,326"
3,Banyule,30/06/2017,90.9%,10:18,"1,311"
4,Bass Coast,30/06/2017,65.3%,13:58,467
5,Baw Baw,30/06/2017,60.5%,15:17,562
6,Bayside,30/06/2017,85.4%,11:25,859
7,Benalla,30/06/2017,69.3%,13:59,163
8,Boroondara,30/06/2017,87.5%,11:01,"1,179"
9,Brimbank,30/06/2017,88.8%,10:20,"2,170"
10,Buloke,30/06/2017,39.7%,25:51,58
11,Campaspe,30/06/2017,63.3%,15:26,471
12,Cardinia,30/06/2017,67.9%,13:46,944
13,Casey,30/06/2017,82.8%,11:33,"2,983"
14,Central Goldfields,30/06/2017,60.8%,15:34,166
15,Colac-Otway,30/06/2017,66.7%,14:47,168
16,Corangamite,30/06/2017,43.8%,21:07,162
17,Darebin,30/06/2017,89.6%,10:28,"1,761"
18,East Gippsland,30/06/2017,61.4%,16:01,650
19,Frankston,30/06/2017,88.4%,10:29,"1,762"
20,Gannawarra,30/06/2017,58.1%,19:02,74
21,Glen Eira,30/06/2017,90.7%,10:15,"1,311"
22,Glenelg,30/06/2017,72.0%,13:25,200
23,Golden Plains,30/06/2017,35.8%,19:32,162
24,Greater Bendigo,30/06/2017,80.4%,12:08,"1,471"
25,Greater Dandenong,30/06/2017,87.3%,10:42,"1,999"
26,Greater Geelong,30/06/2017,82.1%,11:36,"3,099"
27,Greater Shepparton,30/06/2017,80.6%,11:32,835
28,Hepburn,30/06/2017,41.9%,17:45,148
29,Hindmarsh,30/06/2017,40.2%,22:03,82
30,Hobsons Bay,30/06/2017,87.1%,10:43,951
31,Horsham,30/06/2017,82.4%,11:13,245
32,Hume,30/06/2017,82.2%,11:38,"2,702"
33,Indigo,30/06/2017,21.8%,23:07,110
34,Kingston,30/06/2017,89.1%,10:17,"1,609"
35,Knox,30/06/2017,87.2%,10:55,"1,489"
36,Latrobe,30/06/2017,77.8%,11:58,"1,247"
37,Loddon,30/06/2017,19.8%,25:46,96
38,Macedon Ranges,30/06/2017,63.4%,14:28,459
39,Manningham,30/06/2017,83.7%,11:59,955
40,Mansfield,30/06/2017,37.6%,25:43,85
41,Maribyrnong,30/06/2017,89.8%,10:10,866
42,Maroondah,30/06/2017,90.0%,10:09,"1,285"
43,Melbourne,30/06/2017,90.4%,9:20,"2,271"
44,Melton,30/06/2017,80.4%,11:36,"1,442"
45,Mildura,30/06/2017,81.5%,11:42,703
46,Mitchell,30/06/2017,57.7%,15:39,478
47,Moira,30/06/2017,61.2%,15:54,379
48,Monash,30/06/2017,88.0%,10:48,"1,649"
49,Moonee Valley,30/06/2017,85.3%,11:27,"1,229"
50,Moorabool,30/06/2017,55.7%,14:07,289
51,Moreland,30/06/2017,89.0%,10:41,"1,957"
52,Mornington Peninsula,30/06/2017,79.1%,11:43,"1,919"
53,Mount Alexander,30/06/2017,49.4%,17:00,174
54,Moyne,30/06/2017,46.1%,17:32,128
55,Murrindindi,30/06/2017,37.2%,22:19,183
56,Nillumbik,30/06/2017,55.8%,15:27,457
57,Northern Grampians,30/06/2017,56.3%,15:25,135
58,Port Phillip,30/06/2017,89.5%,10:02,"1,148"
59,Pyrenees,30/06/2017,39.1%,20:11,87
60,Queenscliffe,30/06/2017,44.1%,16:47,34
61,South Gippsland,30/06/2017,47.7%,19:15,327
62,Southern Grampians,30/06/2017,71.2%,13:35,146
63,Stonnington,30/06/2017,85.1%,11:07,940
64,Strathbogie,30/06/2017,36.6%,20:02,134
65,Surf Coast,30/06/2017,65.1%,14:40,275
66,Swan Hill,30/06/2017,71.1%,14:28,197
67,Towong,30/06/2017,32.0%,23:02,50
68,Wangaratta,30/06/2017,75.6%,12:41,303
69,Warrnambool,30/06/2017,90.7%,10:09,322
70,Wellington,30/06/2017,54.5%,17:32,492
71,West Wimmera,30/06/2017,33.3%,27:16,39
72,Whitehorse,30/06/2017,90.6%,9:46,"1,545"
73,Whittlesea,30/06/2017,79.0%,11:57,"2,038"
74,Wodonga,30/06/2017,84.5%,11:12,439
75,Wyndham,30/06/2017,84.4%,11:22,"1,681"
76,Yarra,30/06/2017,92.6%,9:15,"1,035"
77,Yarra Ranges,30/06/2017,70.0%,13:33,"1,587"
78,Yarriambiack,30/06/2017,44.4%,21:28,72
79,Unincorporated,30/06/2017,33.3%,31:03,12
80,Interstate LGAs,30/06/2017,60.0%,17:05,215
81,Total AV,30/06/2017,81.1%,11:50,"65,438"
82,Alpine,30/09/2017,45.3%,21:55,139
83,Ararat,30/09/2017,68.2%,14:10,151
84,Ballarat,30/09/2017,87.5%,10:52,"1,507"
85,Banyule,30/09/2017,87.0%,11:00,"1,410"
86,Bass Coast,30/09/2017,62.7%,14:27,555
87,Baw Baw,30/09/2017,58.3%,15:31,645
88,Bayside,30/09/2017,85.4%,11:26,922
89,Benalla,30/09/2017,72.4%,13:55,185
90,Boroondara,30/09/2017,86.6%,11:03,"1,392"
91,Brimbank,30/09/2017,85.3%,11:10,"2,553"
92,Buloke,30/09/2017,40.0%,23:29,75
93,Campaspe,30/09/2017,65.8%,14:45,474
94,Cardinia,30/09/2017,64.0%,14:24,"1,141"
95,Casey,30/09/2017,81.0%,11:58,"3,354"
96,Central Goldfields,30/09/2017,61.8%,16:15,207
97,Colac-Otway,30/09/2017,66.7%,15:47,210
98,Corangamite,30/09/2017,40.3%,21:08,154
99,Darebin,30/09/2017,87.3%,11:02,"2,056"
100,East Gippsland,30/09/2017,61.7%,16:28,779
101,Frankston,30/09/2017,88.7%,10:32,"2,024"
102,Gannawarra,30/09/2017,51.4%,19:49,105
103,Glen Eira,30/09/2017,87.7%,10:58,"1,509"
104,Glenelg,30/09/2017,69.0%,14:04,210
105,Golden Plains,30/09/2017,39.3%,17:52,168
106,Greater Bendigo,30/09/2017,77.5%,12:29,"1,523"
107,Greater Dandenong,30/09/2017,84.6%,11:21,"2,207"
108,Greater Geelong,30/09/2017,82.2%,11:40,"3,348"
109,Greater Shepparton,30/09/2017,82.1%,11:31,937
110,Hepburn,30/09/2017,31.6%,20:01,155
111,Hindmarsh,30/09/2017,45.0%,22:20,80
112,Hobsons Bay,30/09/2017,85.5%,11:19,"1,060"
113,Horsham,30/09/2017,83.5%,10:50,279
114,Hume,30/09/2017,78.7%,12:16,"3,039"
115,Indigo,30/09/2017,32.5%,21:00,157
116,Kingston,30/09/2017,88.0%,10:48,"1,783"
117,Knox,30/09/2017,86.1%,11:03,"1,622"
118,Latrobe,30/09/2017,77.2%,12:05,"1,572"
119,Loddon,30/09/2017,29.4%,23:56,102
120,Macedon Ranges,30/09/2017,61.1%,14:22,496
121,Manningham,30/09/2017,80.8%,12:28,"1,206"
122,Mansfield,30/09/2017,44.0%,20:55,91
123,Maribyrnong,30/09/2017,88.2%,10:31,986
124,Maroondah,30/09/2017,86.9%,10:43,"1,355"
125,Melbourne,30/09/2017,89.2%,9:47,"2,323"
126,Melton,30/09/2017,74.3%,12:48,"1,858"
127,Mildura,30/09/2017,81.5%,11:45,827
128,Mitchell,30/09/2017,62.5%,14:31,501
129,Moira,30/09/2017,58.2%,16:17,402
130,Monash,30/09/2017,85.1%,11:38,"1,862"
131,Moonee Valley,30/09/2017,83.5%,12:00,"1,395"
132,Moorabool,30/09/2017,57.3%,16:01,384
133,Moreland,30/09/2017,86.7%,11:09,"2,252"
134,Mornington Peninsula,30/09/2017,77.4%,12:19,"2,168"
135,Mount Alexander,30/09/2017,46.3%,19:55,218
136,Moyne,30/09/2017,44.9%,16:58,127
137,Murrindindi,30/09/2017,31.8%,21:54,173
138,Nillumbik,30/09/2017,59.6%,15:34,456
139,Northern Grampians,30/09/2017,68.3%,14:21,142
140,Port Phillip,30/09/2017,87.5%,10:28,"1,164"
141,Pyrenees,30/09/2017,39.2%,19:44,97
142,Queenscliffe,30/09/2017,53.7%,15:06,41
143,South Gippsland,30/09/2017,57.8%,15:27,346
144,Southern Grampians,30/09/2017,75.6%,13:29,160
145,Stonnington,30/09/2017,85.9%,11:18,"1,020"
146,Strathbogie,30/09/2017,40.9%,20:21,164
147,Surf Coast,30/09/2017,64.2%,14:44,288
148,Swan Hill,30/09/2017,75.9%,13:12,232
149,Towong,30/09/2017,43.8%,22:46,64
150,Wangaratta,30/09/2017,78.0%,12:38,387
151,Warrnambool,30/09/2017,92.7%,9:34,383
152,Wellington,30/09/2017,56.2%,16:51,537
153,West Wimmera,30/09/2017,45.2%,23:23,31
154,Whitehorse,30/09/2017,90.1%,10:19,"1,639"
155,Whittlesea,30/09/2017,75.5%,12:47,"2,367"
156,Wodonga,30/09/2017,85.0%,11:20,520
157,Wyndham,30/09/2017,79.6%,12:29,"2,061"
158,Yarra,30/09/2017,90.7%,9:36,"1,136"
159,Yarra Ranges,30/09/2017,67.8%,13:55,"1,797"
160,Yarriambiack,30/09/2017,34.3%,24:57,102
161,Unincorporated,30/09/2017,61.9%,16:49,63
162,Interstate LGAs,30/09/2017,54.5%,17:46,235
163,Total AV,30/09/2017,79.5%,12:14,"73,845"
164,Alpine,31/12/2017,48.1%,21:24,158
165,Ararat,31/12/2017,64.3%,16:09,157
166,Ballarat,31/12/2017,87.9%,10:28,1379
167,Banyule,31/12/2017,88.4%,10:37,"1,235"
168,Bass Coast,31/12/2017,66.7%,14:07,510
169,Baw Baw,31/12/2017,70.4%,14:17,618
170,Bayside,31/12/2017,87.9%,11:10,850
171,Benalla,31/12/2017,66.5%,13:55,179
172,Boroondara,31/12/2017,89.2%,10:40,"1,240"
173,Brimbank,31/12/2017,87.3%,10:39,"2,402"
174,Buloke,31/12/2017,36.5%,24:09,74
175,Campaspe,31/12/2017,67.0%,14:14,461
176,Cardinia,31/12/2017,62.5%,14:21,"1,084"
177,Casey,31/12/2017,82.9%,11:36,"3,137"
178,Central Goldfields,31/12/2017,63.4%,15:14,202
179,Colac-Otway,31/12/2017,67.3%,14:55,220
180,Corangamite,31/12/2017,51.5%,17:35,171
181,Darebin,31/12/2017,87.9%,10:34,"1,942"
182,East Gippsland,31/12/2017,62.9%,15:46,706
183,Frankston,31/12/2017,90.0%,10:03,"1,914"
184,Gannawarra,31/12/2017,49.4%,19:20,89
185,Glen Eira,31/12/2017,89.5%,10:27,"1,249"
186,Glenelg,31/12/2017,76.5%,12:29,187
187,Golden Plains,31/12/2017,38.4%,18:00,190
188,Greater Bendigo,31/12/2017,80.0%,12:07,"1,463"
189,Greater Dandenong,31/12/2017,88.0%,10:46,"2,024"
190,Greater Geelong,31/12/2017,85.0%,11:03,3237
191,Greater Shepparton,31/12/2017,85.3%,10:37,999
192,Hepburn,31/12/2017,36.0%,19:01,200
193,Hindmarsh,31/12/2017,55.9%,19:46,68
194,Hobsons Bay,31/12/2017,83.5%,11:40,933
195,Horsham,31/12/2017,85.7%,10:56,245
196,Hume,31/12/2017,83.8%,11:22,"2,972"
197,Indigo,31/12/2017,28.8%,20:48,139
198,Kingston,31/12/2017,88.3%,10:29,"1,708"
199,Knox,31/12/2017,90.7%,9:59,"1,597"
200,Latrobe,31/12/2017,79.3%,11:34,"1,367"
201,Loddon,31/12/2017,30.5%,21:40,128
202,Macedon Ranges,31/12/2017,62.6%,14:36,470
203,Manningham,31/12/2017,82.8%,11:55,"1,028"
204,Mansfield,31/12/2017,45.7%,21:34,81
205,Maribyrnong,31/12/2017,89.0%,10:01,928
206,Maroondah,31/12/2017,91.5%,9:46,"1,204"
207,Melbourne,31/12/2017,89.9%,9:32,"2,373"
208,Melton,31/12/2017,78.4%,11:51,"1,560"
209,Mildura,31/12/2017,82.7%,11:12,779
210,Mitchell,31/12/2017,62.7%,14:15,517
211,Moira,31/12/2017,58.9%,15:49,421
212,Monash,31/12/2017,87.4%,10:55,"1,746"
213,Moonee Valley,31/12/2017,84.2%,11:38,"1,326"
214,Moorabool,31/12/2017,62.7%,14:24,357
215,Moreland,31/12/2017,88.2%,10:38,"2,196"
216,Mornington Peninsula,31/12/2017,79.9%,11:26,2133
217,Mount Alexander,31/12/2017,53.8%,16:25,208
218,Moyne,31/12/2017,40.7%,18:42,145
219,Murrindindi,31/12/2017,29.8%,23:28,181
220,Nillumbik,31/12/2017,62.3%,14:48,488
221,Northern Grampians,31/12/2017,67.7%,14:50,164
222,Port Phillip,31/12/2017,90.0%,10:05,"1,288"
223,Pyrenees,31/12/2017,42.3%,19:05,111
224,Queenscliffe,31/12/2017,47.1%,15:44,34
225,South Gippsland,31/12/2017,48.4%,19:16,370
226,Southern Grampians,31/12/2017,68.2%,14:33,151
227,Stonnington,31/12/2017,86.8%,11:14,990
228,Strathbogie,31/12/2017,40.6%,18:39,165
229,Surf Coast,31/12/2017,58.0%,15:57,312
230,Swan Hill,31/12/2017,72.6%,13:19,226
231,Towong,31/12/2017,40.0%,22:31,60
232,Wangaratta,31/12/2017,78.6%,11:57,341
233,Warrnambool,31/12/2017,92.0%,8:39,387
234,Wellington,31/12/2017,58.5%,16:32,525
235,West Wimmera,31/12/2017,37.5%,20:27,32
236,Whitehorse,31/12/2017,92.0%,9:41,"1,508"
237,Whittlesea,31/12/2017,78.4%,12:24,"2,135"
238,Wodonga,31/12/2017,89.0%,10:08,437
239,Wyndham,31/12/2017,83.0%,11:21,"1,975"
240,Yarra,31/12/2017,90.1%,9:36,"1,272"
241,Yarra Ranges,31/12/2017,73.8%,12:42,"1,623"
242,Yarriambiack,31/12/2017,41.3%,22:18,92
243,Unincorporated,31/12/2017,0%,67:59,8
244,Interstate LGAs,31/12/2017,54.9%,18:38,195
245,Total AV,31/12/2017,81.4%,11:43,"70,176"
246,Alpine,31/03/2018,49.7%,17:41,145
247,Ararat,31/03/2018,66.2%,15:26,142
248,Ballarat,31/03/2018,87.0%,10:55,"1,292"
249,Banyule,31/03/2018,89.2%,10:07,"1,191"
250,Bass Coast,31/03/2018,63.5%,14:08,598
251,Baw Baw,31/03/2018,72.8%,13:20,563
252,Bayside,31/03/2018,88.4%,10:45,809
253,Benalla,31/03/2018,75.3%,12:46,166
254,Boroondara,31/03/2018,90.5%,10:25,"1,161"
255,Brimbank,31/03/2018,89.7%,10:19,"2,172"
256,Buloke,31/03/2018,40.9%,23:54,66
257,Campaspe,31/03/2018,67.3%,14:14,495
258,Cardinia,31/03/2018,72.4%,12:39,"1,007"
259,Casey,31/03/2018,86.3%,10:47,"2,968"
260,Central Goldfields,31/03/2018,62.5%,15:29,168
261,Colac-Otway,31/03/2018,62.6%,15:52,235
262,Corangamite,31/03/2018,48.5%,18:13,171
263,Darebin,31/03/2018,91.7%,10:02,"1,813"
264,East Gippsland,31/03/2018,59.2%,16:42,710
265,Frankston,31/03/2018,93.1%,9:19,"1,781"
266,Gannawarra,31/03/2018,42.4%,21:18,125
267,Glen Eira,31/03/2018,90.0%,10:06,"1,307"
268,Glenelg,31/03/2018,80.2%,12:19,248
269,Golden Plains,31/03/2018,39.4%,18:05,160
270,Greater Bendigo,31/03/2018,80.4%,11:55,"1,380"
271,Greater Dandenong,31/03/2018,90.1%,10:11,"1,926"
272,Greater Geelong,31/03/2018,85.4%,11:02,"3,095"
273,Greater Shepparton,31/03/2018,84.5%,10:46,886
274,Hepburn,31/03/2018,45.6%,16:43,158
275,Hindmarsh,31/03/2018,54.2%,21:59,59
276,Hobsons Bay,31/03/2018,85.4%,10:45,889
277,Horsham,31/03/2018,85.7%,10:33,272
278,Hume,31/03/2018,87.5%,10:41,"2,688"
279,Indigo,31/03/2018,32.7%,22:20,110
280,Kingston,31/03/2018,89.9%,10:10,"1,509"
281,Knox,31/03/2018,90.7%,10:18,"1,445"
282,Latrobe,31/03/2018,78.0%,11:47,"1,325"
283,Loddon,31/03/2018,31.5%,23:17,92
284,Macedon Ranges,31/03/2018,63.7%,14:20,430
285,Manningham,31/03/2018,84.1%,11:50,989
286,Mansfield,31/03/2018,42.7%,19:38,96
287,Maribyrnong,31/03/2018,88.4%,10:11,853
288,Maroondah,31/03/2018,92.9%,9:12,"1,229"
289,Melbourne,31/03/2018,91.9%,8:48,"2,503"
290,Melton,31/03/2018,82.0%,11:09,"1,541"
291,Mildura,31/03/2018,85.7%,10:31,740
292,Mitchell,31/03/2018,64.7%,14:28,498
293,Moira,31/03/2018,59.7%,15:56,372
294,Monash,31/03/2018,86.9%,10:58,"1,686"
295,Moonee Valley,31/03/2018,87.0%,11:19,"1,246"
296,Moorabool,31/03/2018,70.9%,12:53, 327
297,Moreland,31/03/2018,89.6%,10:28,"1,898"
298,Mornington Peninsula,31/03/2018,82.2%,11:19,"2,134"
299,Mount Alexander,31/03/2018,48.1%,17:37,208
300,Moyne,31/03/2018,42.7%,18:18,157
301,Murrindindi,31/03/2018,34.7%,21:25,176
302,Nillumbik,31/03/2018,69.9%,13:18,418
303,Northern Grampians,31/03/2018,62.3%,14:16,122
304,Port Phillip,31/03/2018,89.9%,9:52,"1,224"
305,Pyrenees,31/03/2018,51.2%,18:06,86
306,Queenscliffe,31/03/2018,49.2%,16:49,63
307,South Gippsland,31/03/2018,50.7%,17:43,335
308,Southern Grampians,31/03/2018,65.5%,15:17,148
309,Stonnington,31/03/2018,89.4%,10:10,914
310,Strathbogie,31/03/2018,32.2%,20:49,171
311,Surf Coast,31/03/2018,65.6%,14:13,352
312,Swan Hill,31/03/2018,72.6%,13:20,237
313,Towong,31/03/2018,28.6%,25:01,77
314,Wangaratta,31/03/2018,77.0%,12:25,361
315,Warrnambool,31/03/2018,90.4%,9:45,417
316,Wellington,31/03/2018,57.1%,17:44,501
317,West Wimmera,31/03/2018,38.7%,23:13,31
318,Whitehorse,31/03/2018,92.2%,9:15,"1,395"
319,Whittlesea,31/03/2018,81.1%,11:45,"1,987"
320,Wodonga,31/03/2018,86.3%,10:44,488
321,Wyndham,31/03/2018,85.5%,10:44,"1,831"
322,Yarra,31/03/2018,94.1%,8:47,"1,166"
323,Yarra Ranges,31/03/2018,74.9%,12:18,"1,547"
324,Yarriambiack,31/03/2018,34.4%,24:13,93
325,Unincorporated,31/03/2018,0%,51:24,11
326,Interstate LGAs,31/03/2018,60.4%,17:14,227
327,Total AV,31/03/2018,83.0%,11:23,"66,612"
328,Alpine,30/06/2018,42.3%,21:33,149
329,Ararat,30/06/2018,70.8%,13:30,168
330,Ballarat,30/06/2018,88.8%,10:25,"1,387"
331,Banyule,30/06/2018,90.4%,9:58,"1,207"
332,Bass Coast,30/06/2018,68.1%,13:57,504
333,Baw Baw,30/06/2018,68.6%,14:21,547
334,Bayside,30/06/2018,88.2%,10:58,823
335,Benalla,30/06/2018,69.0%,13:46,171
336,Boroondara,30/06/2018,89.8%,10:24,"1,253"
337,Brimbank,30/06/2018,88.3%,10:25,"2,210"
338,Buloke,30/06/2018,25.4%,28:25,63
339,Campaspe,30/06/2018,68.2%,14:03,488
340,Cardinia,30/06/2018,71.8%,12:44,"1,004"
341,Casey,30/06/2018,86.8%,10:39,"3,048"
342,Central Goldfields,30/06/2018,68.8%,13:54,189
343,Colac-Otway,30/06/2018,70.0%,13:37,217
344,Corangamite,30/06/2018,50.3%,18:10,143
345,Darebin,30/06/2018,91.6%,9:59,"1,785"
346,East Gippsland,30/06/2018,66.6%,14:32,668
347,Frankston,30/06/2018,92.2%,9:40,"1,783"
348,Gannawarra,30/06/2018,46.5%,18:56,114
349,Glen Eira,30/06/2018,91.7%,9:48,"1,279"
350,Glenelg,30/06/2018,77.4%,12:32,243
351,Golden Plains,30/06/2018,31.0%,18:46,174
352,Greater Bendigo,30/06/2018,83.1%,11:20,"1,470"
353,Greater Dandenong,30/06/2018,92.0%,9:40,"1,938"
354,Greater Geelong,30/06/2018,87.4%,10:48,"3,138"
355,Greater Shepparton,30/06/2018,83.7%,11:16,985
356,Hepburn,30/06/2018,38.3%,18:09,162
357,Hindmarsh,30/06/2018,64.4%,18:21,59
358,Hobsons Bay,30/06/2018,87.6%,10:34,952
359,Horsham,30/06/2018,82.2%,10:49,275
360,Hume,30/06/2018,87.7%,10:37,"2,810"
361,Indigo,30/06/2018,31.1%,19:59,119
362,Kingston,30/06/2018,91.2%,9:52,"1,624"
363,Knox,30/06/2018,90.9%,9:56,"1,529"
364,Latrobe,30/06/2018,80.8%,11:24,"1,330"
365,Loddon,30/06/2018,24.8%,21:29,105
366,Macedon Ranges,30/06/2018,65.2%,13:34,448
367,Manningham,30/06/2018,85.3%,11:36,"1,058"
368,Mansfield,30/06/2018,44.9%,23:35,69
369,Maribyrnong,30/06/2018,91.0%,9:43,854
370,Maroondah,30/06/2018,94.4%,9:02,1255
371,Melbourne,30/06/2018,90.8%,8:55,"2,205"
372,Melton,30/06/2018,85.0%,10:46,"1,533"
373,Mildura,30/06/2018,84.0%,10:49,693
374,Mitchell,30/06/2018,66.9%,13:36,510
375,Moira,30/06/2018,57.2%,16:35,376
376,Monash,30/06/2018,88.8%,10:54,"1,610"
377,Moonee Valley,30/06/2018,87.3%,10:55,"1,281"
378,Moorabool,30/06/2018,71.6%,13:12,328
379,Moreland,30/06/2018,90.0%,10:07,"2,048"
380,Mornington Peninsula,30/06/2018,82.1%,11:12,"1,921"
381,Mount Alexander,30/06/2018,54.9%,16:21,164
382,Moyne,30/06/2018,35.4%,20:20,127
383,Murrindindi,30/06/2018,40.6%,20:18,187
384,Nillumbik,30/06/2018,71.9%,13:03,502
385,Northern Grampians,30/06/2018,58.3%,16:12,127
386,Port Phillip,30/06/2018,91.8%,9:32,"1,152"
387,Pyrenees,30/06/2018,49.1%,18:04,106
388,Queenscliffe,30/06/2018,41.0%,16:07,39
389,South Gippsland,30/06/2018,50.7%,17:07,365
390,Southern Grampians,30/06/2018,66.7%,14:52,117
391,Stonnington,30/06/2018,87.9%,10:44,859
392,Strathbogie,30/06/2018,41.2%,18:58,131
393,Surf Coast,30/06/2018,62.0%,14:38,300
394,Swan Hill,30/06/2018,75.5%,12:42,229
395,Towong,30/06/2018,31.4%,26:26,70
396,Wangaratta,30/06/2018,78.0%,12:20,337
397,Warrnambool,30/06/2018,91.1%,9:37,372
398,Wellington,30/06/2018,57.9%,16:55,539
399,West Wimmera,30/06/2018,29.7%,25:21,37
400,Whitehorse,30/06/2018,92.5%, 9:15,"1,449"
401,Whittlesea,30/06/2018,81.1%,11:31,"2,156"
402,Wodonga,30/06/2018,90.5%,10:02,464
403,Wyndham,30/06/2018,86.0%,10:38,"1,808"
404,Yarra,30/06/2018,93.1%,9:02,"1,108"
405,Yarra Ranges,30/06/2018,77.1%,11:59,"1,508"
406,Yarriambiack,30/06/2018,40.6%,20:57,96
407,Unincorporated,30/06/2018,25.0%,37:15,8
408,Interstate LGAs,30/06/2018,56.1%,17:43,214
409,Total AV,30/06/2018,83.8%,11:12,"66,873"
410,Alpine,30/09/2018,47.4%,21:32,116
411,Ararat,30/09/2018,63.0%,15:46,138
412,Ballarat,30/09/2018,89.2%,10:19,"1,398"
413,Banyule,30/09/2018,89.7%,10:07,"1,254"
414,Bass Coast,30/09/2018,68.9%,13:33,514
415,Baw Baw,30/09/2018,67.8%,14:34,594
416,Bayside,30/09/2018,90.1%,10:24,859
417,Benalla,30/09/2018,57.9%,16:11,183
418,Boroondara,30/09/2018,89.6%,10:24,"1,269"
419,Brimbank,30/09/2018,89.5%,10:18,"2,399"
420,Buloke,30/09/2018,29.0%,25:25,69
421,Campaspe,30/09/2018,73.1%,12:32,450
422,Cardinia,30/09/2018,70.9%,12:39,988
423,Casey,30/09/2018,88.2%,10:25,"3,188"
424,Central Goldfields,30/09/2018,65.0%,16:02,217
425,Colac-Otway,30/09/2018,64.8%,15:44,230
426,Corangamite,30/09/2018,46.1%,18:30,154
427,Darebin,30/09/2018,91.6%,9:54,"1,890"
428,East Gippsland,30/09/2018,66.6%,14:58,713
429,Frankston,30/09/2018,90.0%,9:51,"1,917"
430,Gannawarra,30/09/2018,51.4%,19:01,105
431,Glen Eira,30/09/2018,91.9%,9:41,"1,288"
432,Glenelg,30/09/2018,74.4%,13:06,207
433,Golden Plains,30/09/2018,38.4%,17:48,172
434,Greater Bendigo,30/09/2018,80.4%,11:50,"1,525"
435,Greater Dandenong,30/09/2018,92.2%,9:42,"2,058"
436,Greater Geelong,30/09/2018,86.5%,10:48,"3,286"
437,Greater Shepparton,30/09/2018,84.6%,10:48,967
438,Hepburn,30/09/2018,43.8%,17:51,194
439,Hindmarsh,30/09/2018,39.4%,26:58,66
440,Hobsons Bay,30/09/2018,86.5%,10:39,"1,001"
441,Horsham,30/09/2018,82.0%,10:33,250
442,Hume,30/09/2018,88.1%,10:21,"3,038"
443,Indigo,30/09/2018,29.6%,21:02,125
444,Kingston,30/09/2018,91.5%,9:45,"1,678"
445,Knox,30/09/2018,92.9%,9:44,"1,549"
446,Latrobe,30/09/2018,80.1%,11:34,"1,383"
447,Loddon,30/09/2018,33.3%,21:31,129
448,Macedon Ranges,30/09/2018,65.8%,13:41,444
449,Manningham,30/09/2018,85.1%,11:33,"1,094"
450,Mansfield,30/09/2018,43.8%,23:51,73
451,Maribyrnong,30/09/2018,90.6%,9:36,893
452,Maroondah,30/09/2018,92.9%,9:07,"1,228"
453,Melbourne,30/09/2018,92.2%,8:50,"2,306"
454,Melton,30/09/2018,82.5%,10:58,"1,777"
455,Mildura,30/09/2018,83.7%,10:59,769
456,Mitchell,30/09/2018,65.9%,13:43,531
457,Moira,30/09/2018,62.0%,15:06,418
458,Monash,30/09/2018,88.7%,10:52,"1,677"
459,Moonee Valley,30/09/2018,86.4%,11:02,"1,254"
460,Moorabool,30/09/2018,68.0%,13:19,381
461,Moreland,30/09/2018,89.9%,10:20,"2,036"
462,Mornington Peninsula,30/09/2018,84.4%,10:47,"2,041"
463,Mount Alexander,30/09/2018,51.0%,17:19,204
464,Moyne,30/09/2018,38.2%,17:34,123
465,Murrindindi,30/09/2018,37.9%,21:52,195
466,Nillumbik,30/09/2018,72.2%,13:12,500
467,Northern Grampians,30/09/2018,64.5%,14:30,141
468,Port Phillip,30/09/2018,91.5%,9:13,"1,028"
469,Pyrenees,30/09/2018,49.1%,17:58,116
470,Queenscliffe,30/09/2018,83.3%,12:13,24
471,South Gippsland,30/09/2018,47.4%,17:57,367
472,Southern Grampians,30/09/2018,63.3%,15:39,166
473,Stonnington,30/09/2018,89.3%,10:25,913
474,Strathbogie,30/09/2018,37.0%,20:27,162
475,Surf Coast,30/09/2018,62.6%,15:18,286
476,Swan Hill,30/09/2018,75.7%,13:19,296
477,Towong,30/09/2018,37.3%,20:21,59
478,Wangaratta,30/09/2018,74.5%,13:02,361
479,Warrnambool,30/09/2018,93.3%,9:14,358
480,Wellington,30/09/2018,58.7%,16:43,523
481,West Wimmera,30/09/2018,42.1%,19:31,38
482,Whitehorse,30/09/2018,92.1%,9:26,"1,483"
483,Whittlesea,30/09/2018,81.7%,11:28,"2,246"
484,Wodonga,30/09/2018,85.8%,10:47,514
485,Wyndham,30/09/2018,85.1%,10:53,"2,070"
486,Yarra,30/09/2018,93.0%,8:46,"1,005"
487,Yarra Ranges,30/09/2018,78.5%,11:52,"1,569"
488,Yarriambiack,30/09/2018,35.3%,22:18,102
489,Unincorporated,30/09/2018,50.9%,22:34,57
490,Interstate LGAs,30/09/2018,66.0%,15:59,209
491,Total AV,30/09/2018,83.7%,11:12,"69,598"
492,Alpine,31/12/2018,53.9%,18:49,154
493,Ararat,31/12/2018,61.7%,15:09,141
494,Ballarat,31/12/2018,90.6%,10:16,"1,514"
495,Banyule,31/12/2018,92.8%,9:45,"1,376"
496,Bass Coast,31/12/2018,65.5%,14:29,577
497,Baw Baw,31/12/2018,68.7%,13:41,620
498,Bayside,31/12/2018,89.7%,10:43,905
499,Benalla,31/12/2018,66.7%,13:19,189
500,Boroondara,31/12/2018,89.7%,10:28,"1,306"
501,Brimbank,31/12/2018,90.6%,10:07,"2,568"
502,Buloke,31/12/2018,46.3%,21:30,67
503,Campaspe,31/12/2018,64.7%,13:52,502
504,Cardinia,31/12/2018,75.6%,12:03,"1,157"
505,Casey,31/12/2018,87.3%,10:32,"3,377"
506,Central Goldfields,31/12/2018,65.5%,14:33,223
507,Colac-Otway,31/12/2018,69.0%,14:17,248
508,Corangamite,31/12/2018,49.4%,17:25,180
509,Darebin,31/12/2018,92.3%,9:40,"1,989"
510,East Gippsland,31/12/2018,63.8%,15:09,785
511,Frankston,31/12/2018,92.6%,9:34,"2,004"
512,Gannawarra,31/12/2018,57.4%,16:54,129
513,Glen Eira,31/12/2018,92.2%,9:54,"1,294"
514,Glenelg,31/12/2018,72.2%,13:34,248
515,Golden Plains,31/12/2018,39.5%,17:22,190
516,Greater Bendigo,31/12/2018,81.8%,11:43,"1,607"
517,Greater Dandenong,31/12/2018,92.1%,9:40,"2,136"
518,Greater Geelong,31/12/2018,84.4%,11:06,"3,493"
519,Greater Shepparton,31/12/2018,84.4%,11:03,"1,075"
520,Hepburn,31/12/2018,34.2%,18:49,193
521,Hindmarsh,31/12/2018,60.3%,19:24,78
522,Hobsons Bay,31/12/2018,87.4%,10:43,"1,018"
523,Horsham,31/12/2018,84.8%,10:39,282
524,Hume,31/12/2018,87.7%,10:33,"3,109"
525,Indigo,31/12/2018,27.0%,20:54,122
526,Kingston,31/12/2018,91.4%,10:03,"1,743"
527,Knox,31/12/2018,92.4%,9:40,"1,543"
528,Latrobe,31/12/2018,80.2%,11:12,"1,520"
529,Loddon,31/12/2018,30.7%,21:14,114
530,Macedon Ranges,31/12/2018,66.0%,13:34,529
531,Manningham,31/12/2018,86.1%,11:36,"1,088"
532,Mansfield,31/12/2018,46.7%,22:25,90
533,Maribyrnong,31/12/2018,88.9%,10:11,998
534,Maroondah,31/12/2018,93.4%,9:03,"1,320"
535,Melbourne,31/12/2018,90.8%,9:16,"2,524"
536,Melton,31/12/2018,84.1%,10:58,"1,730"
537,Mildura,31/12/2018,86.3%,10:45,811
538,Mitchell,31/12/2018,67.7%,13:50,535
539,Moira,31/12/2018,60.4%,16:31,455
540,Monash,31/12/2018,89.8%,10:36,"1,748"
541,Moonee Valley,31/12/2018,88.0%,11:03,"1,313"
542,Moorabool,31/12/2018,73.5%,12:17,370
543,Moreland,31/12/2018,90.3%,10:16,"2,093"
544,Mornington Peninsula,31/12/2018,82.7%,10:56,"2,171"
545,Mount Alexander,31/12/2018,51.0%,17:19,208
546,Moyne,31/12/2018,49.6%,17:25,133
547,Murrindindi,31/12/2018,41.7%,20:42,180
548,Nillumbik,31/12/2018,69.1%,13:44,518
549,Northern Grampians,31/12/2018,69.5%,14:33,177
550,Port Phillip,31/12/2018,90.9%,9:47,"1,270"
551,Pyrenees,31/12/2018,44.6%,18:00,130
552,Queenscliffe,31/12/2018,38.5%,16:27,39
553,South Gippsland,31/12/2018,46.2%,18:07,385
554,Southern Grampians,31/12/2018,65.1%,14:50,169
555,Stonnington,31/12/2018,91.4%,9:59,970
556,Strathbogie,31/12/2018,49.7%,16:44,187
557,Surf Coast,31/12/2018,63.4%,14:39, 352
558,Swan Hill,31/12/2018,74.9%,12:15,259
559,Towong,31/12/2018,44.4%,24:45,72
560,Wangaratta,31/12/2018,73.4%,13:15,383
561,Warrnambool,31/12/2018,92.5%,9:35,372
562,Wellington,31/12/2018,58.3%,16:22,571
563,West Wimmera,31/12/2018,34.9%,23:30,43
564,Whitehorse,31/12/2018,92.8%,9:17,"1,577"
565,Whittlesea,31/12/2018,79.0%,11:53,"2,369"
566,Wodonga,31/12/2018,88.5%,10:14,522
567,Wyndham,31/12/2018,88.3%,10:32,"2,103"
568,Yarra,31/12/2018,93.1%,8:50,"1,215"
569,Yarra Ranges,31/12/2018,77.3%,12:07,"1,766"
570,Yarriambiack,31/12/2018,37.5%,21:04,104
571,Unincorporated,31/12/2018,16.7%,39:47,6
572,Interstate LGAs,31/12/2018,54.6%,18:26,238
573,Total AV,31/12/2018,83.9%,11:12,"73,869"
574,Alpine,31/03/2019,44.3%,22:57,167
575,Ararat,31/03/2019,65.3%,14:27,150
576,Ballarat,31/03/2019,89.9%,10:15,"1,503"
577,Banyule,31/03/2019,91.7%,9:41,"1,329"
578,Bass Coast,31/03/2019,69.1%,14:12,601
579,Baw Baw,31/03/2019,68.1%,14:05,621
580,Bayside,31/03/2019,89.4%,10:32,824
581,Benalla,31/03/2019,66.2%,15:08,231
582,Boroondara,31/03/2019,92.2%,9:53,"1,220"
583,Brimbank,31/03/2019,90.1%,10:02,"2,390"
584,Buloke,31/03/2019,37.3%,23:40,83
585,Campaspe,31/03/2019,65.0%,14:20,509
586,Cardinia,31/03/2019,73.3%,12:28,"1,143"
587,Casey,31/03/2019,88.6%,10:22,"3,293"
588,Central Goldfields,31/03/2019,62.1%,14:31,211
589,Colac-Otway,31/03/2019,63.0%,14:58,211
590,Corangamite,31/03/2019,44.9%,19:18,198
591,Darebin,31/03/2019,91.7%,9:37,"1,889"
592,East Gippsland,31/03/2019,65.1%,15:24,760
593,Frankston,31/03/2019,91.5%,9:52,"1,997"
594,Gannawarra,31/03/2019,44.6%,20:56,101
595,Glen Eira,31/03/2019,92.3%,9:46,"1,286"
596,Glenelg,31/03/2019,75.3%,12:46,227
597,Golden Plains,31/03/2019,30.4%,20:28,214
598,Greater Bendigo,31/03/2019,80.6%,11:39,"1,637"
599,Greater Dandenong,31/03/2019,91.5%,9:27,"2,046"
600,Greater Geelong,31/03/2019,83.9%,11:09,3523
601,Greater Shepparton,31/03/2019,86.6%,10:32,"1,021"
602,Hepburn,31/03/2019,38.1%,17:40,189
603,Hindmarsh,31/03/2019,67.2%,16:30,61
604,Hobsons Bay,31/03/2019,90.6%,10:07,956
605,Horsham,31/03/2019,87.0%,10:15,276
606,Hume,31/03/2019,89.5%,10:14,"2,888"
607,Indigo,31/03/2019,24.5%,22:11,155
608,Kingston,31/03/2019,91.5%,9:52,"1,750"
609,Knox,31/03/2019,92.8%,9:27,"1,521"
610,Latrobe,31/03/2019,80.3%,11:22,"1,459"
611,Loddon,31/03/2019,28.1%,21:52,121
612,Macedon Ranges,31/03/2019,68.6%,13:21,487
613,Manningham,31/03/2019,84.5%,11:22,"1,005"
614,Mansfield,31/03/2019,48.8%,22:41,86
615,Maribyrnong,31/03/2019,92.5%,9:31,901
616,Maroondah,31/03/2019,94.9%,8:46,"1,310"
617,Melbourne,31/03/2019,92.3%,8:32,"2,568"
618,Melton,31/03/2019,85.0%,10:32,"1,708"
619,Mildura,31/03/2019,86.9%,10:24,803
620,Mitchell,31/03/2019,68.5%,13:21,552
621,Moira,31/03/2019,61.4%,15:24,438
622,Monash,31/03/2019,89.0%,10:36,"1,716"
623,Moonee Valley,31/03/2019,89.7%,10:45,"1,278"
624,Moorabool,31/03/2019,76.2%,12:21,357
625,Moreland,31/03/2019,92.2%,9:52,"1,969"
626,Mornington Peninsula,31/03/2019,81.8%,11:11,"2,244"
627,Mount Alexander,31/03/2019,50.7%,16:18,201
628,Moyne,31/03/2019,46.2%,17:16,169
629,Murrindindi,31/03/2019,44.2%,20:57,215
630,Nillumbik,31/03/2019,71.1%,13:17,501
631,Northern Grampians,31/03/2019,68.5%,14:05,165
632,Port Phillip,31/03/2019,89.3%,9:38,"1,301"
633,Pyrenees,31/03/2019,52.1%,17:00,96
634,Queenscliffe,31/03/2019,53.5%,16:02,43
635,South Gippsland,31/03/2019,45.2%,19:05, 372
636,Southern Grampians,31/03/2019,65.7%,15:17,175
637,Stonnington,31/03/2019,90.0%,10:18,974
638,Strathbogie,31/03/2019,46.1%,16:53,180
639,Surf Coast,31/03/2019,60.2%,15:34,369
640,Swan Hill,31/03/2019,71.4%,13:16,245
641,Towong,31/03/2019,38.2%,25:40,76
642,Wangaratta,31/03/2019,80.0%,11:44,380
643,Warrnambool,31/03/2019,90.8%,9:45,426
644,Wellington,31/03/2019,59.8%,15:53,557
645,West Wimmera,31/03/2019,34.1%,22:35,41
646,Whitehorse,31/03/2019,93.5%,9:01,"1,540"
647,Whittlesea,31/03/2019,82.2%,11:16,"2,281"
648,Wodonga,31/03/2019,88.5%,10:24,566
649,Wyndham,31/03/2019,90.2%,10:02,"2,040"
650,Yarra,31/03/2019,94.1%,8:33,"1,189"
651,Yarra Ranges,31/03/2019,77.9%,11:44,"1,699"
652,Yarriambiack,31/03/2019,43.3%,20:50,97
653,Unincorporated,31/03/2019,0%,53:59,13
654,Interstate LGAs,31/03/2019,66.3%,16:35,261
655,Total AV,31/03/2019,84.2%,11:04,"72,355"
656,Alpine,30/06/2019,59.3%,17:43,135
657,Ararat,30/06/2019,72.8%,13:10,158
658,Ballarat,30/06/2019,89.2%,10:21,"1,636"
659,Banyule,30/06/2019,91.0%,10:01,"1,463"
660,Bass Coast,30/06/2019,69.4%,13:51,631
661,Baw Baw,30/06/2019,73.2%,13:45,679
662,Bayside,30/06/2019,90.0%,10:18,849
663,Benalla,30/06/2019,63.9%,15:28,219
664,Boroondara,30/06/2019,91.8%,10:16,"1,288"
665,Brimbank,30/06/2019,88.9%,10:21,"2,549"
666,Buloke,30/06/2019,40.0%,22:29,70
667,Campaspe,30/06/2019,66.1%,13:50,496
668,Cardinia,30/06/2019,74.4%,12:15,"1,197"
669,Casey,30/06/2019,87.5%,10:37,"3,533"
670,Central Goldfields,30/06/2019,68.9%,13:41,228
671,Colac-Otway,30/06/2019,65.8%,15:17,257
672,Corangamite,30/06/2019,46.6%,18:06,178
673,Darebin,30/06/2019,92.2%,9:37,"1,903"
674,East Gippsland,30/06/2019,63.5%,15:23,757
675,Frankston,30/06/2019,91.1%,9:42,"2,039"
676,Gannawarra,30/06/2019,48.0%,18:58,125
677,Glen Eira,30/06/2019,91.6%,9:48,"1,326"
678,Glenelg,30/06/2019,80.0%,12:35,260
679,Golden Plains,30/06/2019,30.9%,19:13,178
680,Greater Bendigo,30/06/2019,80.8%,11:57,"1,615"
681,Greater Dandenong,30/06/2019,92.0%,9:46,"2,132"
682,Greater Geelong,30/06/2019,84.4%,11:07,"3,729"
683,Greater Shepparton,30/06/2019,86.7%,10:19,998
684,Hepburn,30/06/2019,33.5%,19:24,212
685,Hindmarsh,30/06/2019,60.3%,17:28,68
686,Hobsons Bay,30/06/2019,88.2%,10:41,"1,065"
687,Horsham,30/06/2019,86.0%,10:42,285
688,Hume,30/06/2019,87.2%,10:37,"3,194"
689,Indigo,30/06/2019,34.3%,19:48,140
690,Kingston,30/06/2019,91.4%,9:53,"1,723"
691,Knox,30/06/2019,92.1%,9:42,"1,750"
692,Latrobe,30/06/2019,82.9%,10:53,"1,581"
693,Loddon,30/06/2019,32.5%,21:49,117
694,Macedon Ranges,30/06/2019,68.3%,13:04,527
695,Manningham,30/06/2019,85.8%,11:31,"1,063"
696,Mansfield,30/06/2019,43.8%,24:32,89
697,Maribyrnong,30/06/2019,90.1%,9:55,907
698,Maroondah,30/06/2019,93.0%,9:13,1275
699,Melbourne,30/06/2019,92.2%,8:51,"2,474"
700,Melton,30/06/2019,82.9%,11:10,"1,907"
701,Mildura,30/06/2019,84.2%,11:10,796
702,Mitchell,30/06/2019,65.2%,14:04,609
703,Moira,30/06/2019,58.2%,15:30,409
704,Monash,30/06/2019,88.8%,10:49,"1,878"
705,Moonee Valley,30/06/2019,87.7%,11:02,"1,452"
706,Moorabool,30/06/2019,68.9%,13:29,386
707,Moreland,30/06/2019,90.2%,10:16,"2,137"
708,Mornington Peninsula,30/06/2019,83.1%,10:59,"2,225"
709,Mount Alexander,30/06/2019,56.5%,15:56,237
710,Moyne,30/06/2019,35.4%,18:56,147
711,Murrindindi,30/06/2019,30.6%,23:09,173
712,Nillumbik,30/06/2019,70.8%,12:56,551
713,Northern Grampians,30/06/2019,69.0%,15:06,142
714,Port Phillip,30/06/2019,91.9%,9:33,"1,195"
715,Pyrenees,30/06/2019,44.4%,18:16,99
716,Queenscliffe,30/06/2019,60.0%,14:54,55
717,South Gippsland,30/06/2019,52.8%,16:57,369
718,Southern Grampians,30/06/2019,57.5%,17:41,200
719,Stonnington,30/06/2019,90.6%,10:03,991
720,Strathbogie,30/06/2019,50.3%,16:54,165
721,Surf Coast,30/06/2019,59.3%,15:38,305
722,Swan Hill,30/06/2019,76.7%,12:36,292
723,Towong,30/06/2019,48.1%,21:21,79
724,Wangaratta,30/06/2019,77.4%,12:42,393
725,Warrnambool,30/06/2019,94.0%,9:17,398
726,Wellington,30/06/2019,63.1%,15:59,632
727,West Wimmera,30/06/2019,39.1%,20:42,46
728,Whitehorse,30/06/2019,92.7%,9:22,"1,650"
729,Whittlesea,30/06/2019,83.6%,11:20,"2,526"
730,Wodonga,30/06/2019,87.2%,10:47,618
731,Wyndham,30/06/2019,88.5%,10:20,"2,305"
732,Yarra,30/06/2019,92.3%,9:05,"1,214"
733,Yarra Ranges,30/06/2019,78.0%,12:01,"1,694"
734,Yarriambiack,30/06/2019,44.6%,20:57,83
735,Unincorporated,30/06/2019,45.5%,20:58,11
736,Interstate LGAs,30/06/2019,61.3%,16:50,269
737,Total AV,30/06/2019,84.1%,11:10,"75,736"
738,Alpine,30/09/2019,51.2%,18:24,160
739,Ararat,30/09/2019,67.2%,13:48,134
740,Ballarat,30/09/2019,89.8%,10:21,"1,750"
741,Banyule,30/09/2019,90.1%,10:08,"1,497"
742,Bass Coast,30/09/2019,66.9%,13:57,577
743,Baw Baw,30/09/2019,69.5%,14:20,758
744,Bayside,30/09/2019,88.7%,10:57,856
745,Benalla,30/09/2019,58.7%,16:22,252
746,Boroondara,30/09/2019,90.4%,10:29,"1,283"
747,Brimbank,30/09/2019,89.8%,10:37,"2,682"
748,Buloke,30/09/2019,37.1%,22:59,89
749,Campaspe,30/09/2019,67.4%,13:21,494
750,Cardinia,30/09/2019,72.0%,12:34,"1,242"
751,Casey,30/09/2019,85.7%,10:58,"3,582"
752,Central Goldfields,30/09/2019,65.0%,14:51,217
753,Colac-Otway,30/09/2019,70.4%,13:43,206
754,Corangamite,30/09/2019,58.8%,15:19,204
755,Darebin,30/09/2019,90.0%,10:09,"2,020"
756,East Gippsland,30/09/2019,62.5%,15:30,776
757,Frankston,30/09/2019,91.7%,9:48,"2,141"
758,Gannawarra,30/09/2019,48.0%,19:38,100
759,Glen Eira,30/09/2019,91.3%,10:02,"1,405"
760,Glenelg,30/09/2019,81.3%,11:19,219
761,Golden Plains,30/09/2019,36.9%,19:06,203
762,Greater Bendigo,30/09/2019,79.8%,11:51,"1,724"
763,Greater Dandenong,30/09/2019,91.5%,9:45,"2,224"
764,Greater Geelong,30/09/2019,85.2%,11:05,"3,741"
765,Greater Shepparton,30/09/2019,84.8%,10:49,"1,080"
766,Hepburn,30/09/2019,34.7%,19:47,193
767,Hindmarsh,30/09/2019,67.1%,17:53,70
768,Hobsons Bay,30/09/2019,86.8%,10:37,"1,155"
769,Horsham,30/09/2019,83.6%,10:58,299
770,Hume,30/09/2019,85.6%,10:56,"3,503"
771,Indigo,30/09/2019,38.5%,20:04,122
772,Kingston,30/09/2019,90.3%,9:58,"1,785"
773,Knox,30/09/2019,92.1%,9:55,"1,788"
774,Latrobe,30/09/2019,80.0%,11:10,"1,671"
775,Loddon,30/09/2019,34.6%,20:46,107
776,Macedon Ranges,30/09/2019,63.6%,13:51,536
777,Manningham,30/09/2019,85.2%,11:42,"1,173"
778,Mansfield,30/09/2019,45.9%,21:46,85
779,Maribyrnong,30/09/2019,90.9%,10:01,941
780,Maroondah,30/09/2019,93.8%,9:10,"1,366"
781,Melbourne,30/09/2019,91.5%,9:02,"2,542"
782,Melton,30/09/2019,79.9%,11:38,"2,069"
783,Mildura,30/09/2019,85.0%,11:12,819
784,Mitchell,30/09/2019,64.7%,13:30,652
785,Moira,30/09/2019,55.8%,17:02,452
786,Monash,30/09/2019,87.5%,10:51,"1,913"
787,Moonee Valley,30/09/2019,87.7%,11:04,"1,453"
788,Moorabool,30/09/2019,61.9%,14:42,399
789,Moreland,30/09/2019,88.0%,10:42,"2,228"
790,Mornington Peninsula,30/09/2019,83.4%,10:56,"2,211"
791,Mount Alexander,30/09/2019,58.4%,15:16,185
792,Moyne,30/09/2019,41.1%,17:27,151
793,Murrindindi,30/09/2019,37.4%,20:17,195
794,Nillumbik,30/09/2019,71.0%,13:17,541
795,Northern Grampians,30/09/2019,69.7%,15:40,145
796,Port Phillip,30/09/2019,90.6%,9:42,"1,166"
797,Pyrenees,30/09/2019,51.8%,16:54,112
798,Queenscliffe,30/09/2019,60.4%,15:32,48
799,South Gippsland,30/09/2019,49.9%,17:47,377
800,Southern Grampians,30/09/2019,62.1%,16:44,195
801,Stonnington,30/09/2019,87.7%,10:53,944
802,Strathbogie,30/09/2019,36.7%,18:51,169
803,Surf Coast,30/09/2019,68.6%,13:46,299
804,Swan Hill,30/09/2019,74.4%,13:32,250
805,Towong,30/09/2019,45.2%,23:46,73
806,Wangaratta,30/09/2019,74.8%,12:41,421
807,Warrnambool,30/09/2019,93.1%,9:32,434
808,Wellington,30/09/2019,63.2%,14:46,516
809,West Wimmera,30/09/2019,48.6%,18:10,35
810,Whitehorse,30/09/2019,91.1%,9:50,"1,744"
811,Whittlesea,30/09/2019,83.9%,11:07,"2,587"
812,Wodonga,30/09/2019,86.4%,10:41,609
813,Wyndham,30/09/2019,84.0%,11:07,"2,456"
814,Yarra,30/09/2019,93.6%,8:53,"1,139"
815,Yarra Ranges,30/09/2019,77.1%,12:04,"1,765"
816,Yarriambiack,30/09/2019,44.8%,22:06,96
817,Unincorporated,30/09/2019,60.0%,22:03,60
818,Interstate LGAs,30/09/2019,65.8%,15:54,272
819,Total AV,30/09/2019,83.3%,11:19,"78,132"
820,Alpine,31/12/2019,50.7%,19:42,152
821,Ararat,31/12/2019,61.9%,16:20,168
822,Ballarat,31/12/2019,87.6%,10:50,"1,793"
823,Banyule,31/12/2019,87.1%,10:48,"1,454"
824,Bass Coast,31/12/2019,67.5%,14:14,621
825,Baw Baw,31/12/2019,67.6%,14:20,726
826,Bayside,31/12/2019,86.7%,11:19,862
827,Benalla,31/12/2019,63.7%,14:22,201
828,Boroondara,31/12/2019,88.9%,10:49,"1,239"
829,Brimbank,31/12/2019,87.8%,10:45,"2,582"
830,Buloke,31/12/2019,31.4%,24:09,70
831,Campaspe,31/12/2019,63.0%,14:04,525
832,Cardinia,31/12/2019,69.5%,12:59,"1,337"
833,Casey,31/12/2019,84.6%,11:07,"3,619"
834,Central Goldfields,31/12/2019,65.4%,13:54,237
835,Colac-Otway,31/12/2019,68.6%,14:09,280
836,Corangamite,31/12/2019,54.3%,16:27,173
837,Darebin,31/12/2019,89.9%,9:59,"1,965"
838,East Gippsland,31/12/2019,63.3%,14:46,776
839,Frankston,31/12/2019,92.0%,9:42,"2,050"
840,Gannawarra,31/12/2019,42.9%,20:49,133
841,Glen Eira,31/12/2019,89.7%,10:20,"1,454"
842,Glenelg,31/12/2019,76.4%,13:00,229
843,Golden Plains,31/12/2019,31.4%,19:32,194
844,Greater Bendigo,31/12/2019,80.0%,11:56,"1,860"
845,Greater Dandenong,31/12/2019,90.4%,9:53,"2,258"
846,Greater Geelong,31/12/2019,84.8%,11:10,"3,675"
847,Greater Shepparton,31/12/2019,86.2%,10:46,"1,084"
848,Hepburn,31/12/2019,42.4%,17:55,198
849,Hindmarsh,31/12/2019,60.6%,18:07,71
850,Hobsons Bay,31/12/2019,85.6%,11:00,"1,133"
851,Horsham,31/12/2019,85.9%,10:22,277
852,Hume,31/12/2019,84.7%,11:00,"3,242"
853,Indigo,31/12/2019,28.4%,22:06,155
854,Kingston,31/12/2019,89.3%,10:11,"1,752"
855,Knox,31/12/2019,92.2%,9:53,"1,711"
856,Latrobe,31/12/2019,79.7%,11:32,"1,522"
857,Loddon,31/12/2019,37.2%,20:45,129
858,Macedon Ranges,31/12/2019,70.5%,12:58,533
859,Manningham,31/12/2019,83.2%,12:06,"1,187"
860,Mansfield,31/12/2019,31.2%,27:24,93
861,Maribyrnong,31/12/2019,89.8%,10:05,980
862,Maroondah,31/12/2019,92.2%,9:27,"1,452"
863,Melbourne,31/12/2019,91.0%,9:11,"2,827"
864,Melton,31/12/2019,80.5%,11:47,"2,043"
865,Mildura,31/12/2019,85.5%,11:06,881
866,Mitchell,31/12/2019,69.3%,13:39,642
867,Moira,31/12/2019,57.0%,16:18,460
868,Monash,31/12/2019,87.2%,11:01,"1,805"
869,Moonee Valley,31/12/2019,86.6%,11:13,"1,503"
870,Moorabool,31/12/2019,67.8%,13:11,400
871,Moreland,31/12/2019,87.7%,10:54,"2,124"
872,Mornington Peninsula,31/12/2019,81.2%,11:15,2303
873,Mount Alexander,31/12/2019,66.0%,15:03,212
874,Moyne,31/12/2019,36.6%,19:05,164
875,Murrindindi,31/12/2019,37.5%,19:43,200
876,Nillumbik,31/12/2019,71.8%,13:14,589
877,Northern Grampians,31/12/2019,63.5%,16:01,159
878,Port Phillip,31/12/2019,90.4%,9:52,1373
879,Pyrenees,31/12/2019,39.5%,20:06,114
880,Queenscliffe,31/12/2019,66.7%,14:02,54
881,South Gippsland,31/12/2019,49.6%,18:01,415
882,Southern Grampians,31/12/2019,66.8%,14:57,202
883,Stonnington,31/12/2019,88.0%,10:32,"1,064"
884,Strathbogie,31/12/2019,42.2%,19:40,199
885,Surf Coast,31/12/2019,63.6%,14:23,423
886,Swan Hill,31/12/2019,75.2%,13:19,290
887,Towong,31/12/2019,31.3%,24:55,67
888,Wangaratta,31/12/2019,81.3%,11:53,417
889,Warrnambool,31/12/2019,92.1%,10:09,403
890,Wellington,31/12/2019,63.2%,15:21,619
891,West Wimmera,31/12/2019,36.6%,21:27,41
892,Whitehorse,31/12/2019,90.9%,9:53,"1,697"
893,Whittlesea,31/12/2019,84.2%,11:07,"2,541"
894,Wodonga,31/12/2019,87.1%,10:40,630
895,Wyndham,31/12/2019,83.3%,11:23,"2,350"
896,Yarra,31/12/2019,91.0%,9:21,"1,306"
897,Yarra Ranges,31/12/2019,75.7%,12:09,"1,799"
898,Yarriambiack,31/12/2019,38.7%,21:14,93
899,Unincorporated,31/12/2019,0%,61:34,7
900,Interstate LGAs,31/12/2019,56.7%,17:03,252
901,Total AV,31/12/2019,82.5%,11:29,"78,820"
902,Alpine,31/03/2020,49.0%,19:30,145
903,Ararat,31/03/2020,69.6%,14:17,158
904,Ballarat,31/03/2020,87.9%,10:45,"1,715"
905,Banyule,31/03/2020,88.7%,10:10,"1,416"
906,Bass Coast,31/03/2020,67.9%,14:05,611
907,Baw Baw,31/03/2020,68.1%,14:26,730
908,Bayside,31/03/2020,85.5%,11:20,842
909,Benalla,31/03/2020,52.8%,17:25,235
910,Boroondara,31/03/2020,87.7%,10:48,"1,158"
911,Brimbank,31/03/2020,87.5%,10:48,"2,592"
912,Buloke,31/03/2020,34.6%,23:46,81
913,Campaspe,31/03/2020,66.1%,13:34,558
914,Cardinia,31/03/2020,71.3%,13:00,"1,308"
915,Casey,31/03/2020,83.6%,11:21,"3,466"
916,Central Goldfields,31/03/2020,58.8%,16:25,211
917,Colac-Otway,31/03/2020,67.6%,14:32,238
918,Corangamite,31/03/2020,60.2%,15:31,176
919,Darebin,31/03/2020,90.7%,9:49,"1,966"
920,East Gippsland,31/03/2020,60.2%,16:22,759
921,Frankston,31/03/2020,90.2%,10:07,"2,156"
922,Gannawarra,31/03/2020,54.1%,18:49,133
923,Glen Eira,31/03/2020,90.4%,10:25,"1,399"
924,Glenelg,31/03/2020,77.6%,13:16,250
925,Golden Plains,31/03/2020,32.2%,19:10,205
926,Greater Bendigo,31/03/2020,78.8%,12:34,1771
927,Greater Dandenong,31/03/2020,90.9%,10:00,"2,209"
928,Greater Geelong,31/03/2020,82.0%,11:45,"3,786"
929,Greater Shepparton,31/03/2020,83.6%,11:13,"1,119"
930,Hepburn,31/03/2020,38.2%,19:37,204
931,Hindmarsh,31/03/2020,63.7%,18:17,80
932,Hobsons Bay,31/03/2020,85.0%,11:27,"1,053"
933,Horsham,31/03/2020,84.2%,10:15,316
934,Hume,31/03/2020,83.0%,11:27,"3,320"
935,Indigo,31/03/2020,28.7%,21:12,160
936,Kingston,31/03/2020,87.6%,10:23,"1,730"
937,Knox,31/03/2020,89.9%,10:07,"1,691"
938,Latrobe,31/03/2020,78.3%,11:50,"1,534"
939,Loddon,31/03/2020,38.2%,20:52,144
940,Macedon Ranges,31/03/2020,64.9%,13:50,513
941,Manningham,31/03/2020,84.2%,11:51,"1,115"
942,Mansfield,31/03/2020,39.8%,27:39,108
943,Maribyrnong,31/03/2020,88.6%,10:20,"1,012"
944,Maroondah,31/03/2020,91.2%,9:26,"1,299"
945,Melbourne,31/03/2020,91.4%,9:07,"2,591"
946,Melton,31/03/2020,77.4%,12:08,"2,012"
947,Mildura,31/03/2020,84.0%,10:54,839
948,Mitchell,31/03/2020,65.7%,14:39,592
949,Moira,31/03/2020,59.5%,16:02,440
950,Monash,31/03/2020,88.3%,10:51,"1,758"
951,Moonee Valley,31/03/2020,85.7%,11:32,"1,376"
952,Moorabool,31/03/2020,68.5%,13:09,403
953,Moreland,31/03/2020,89.3%,10:34,"2,164"
954,Mornington Peninsula,31/03/2020,79.6%,11:30,"2,428"
955,Mount Alexander,31/03/2020,49.0%,18:20,208
956,Moyne,31/03/2020,42.5%,18:14,160
957,Murrindindi,31/03/2020,46.7%,19:19,212
958,Nillumbik,31/03/2020,66.1%,13:54,487
959,Northern Grampians,31/03/2020,64.8%,13:49,196
960,Port Phillip,31/03/2020,90.3%,9:41,"1,363"
961,Pyrenees,31/03/2020,45.7%,19:30,105
962,Queenscliffe,31/03/2020,68.3%,14:52,60
963,South Gippsland,31/03/2020,49.8%,17:49,402
964,Southern Grampians,31/03/2020,62.8%,17:30,156
965,Stonnington,31/03/2020,90.5%,10:10,995
966,Strathbogie,31/03/2020,50.0%,17:23,176
967,Surf Coast,31/03/2020,64.1%,15:15,379
968,Swan Hill,31/03/2020,75.5%,12:34,318
969,Towong,31/03/2020,36.6%,22:23,82
970,Wangaratta,31/03/2020,79.0%,12:18,439
971,Warrnambool,31/03/2020,93.1%,9:16,432
972,Wellington,31/03/2020,61.7%,15:45,626
973,West Wimmera,31/03/2020,34.2%,25:12,38
974,Whitehorse,31/03/2020,91.7%,9:40,"1,545"
975,Whittlesea,31/03/2020,84.1%,11:13,"2,478"
976,Wodonga,31/03/2020,85.9%,11:16,583
977,Wyndham,31/03/2020,82.1%,11:18,"2,295"
978,Yarra,31/03/2020,91.7%,9:14,"1,272"
979,Yarra Ranges,31/03/2020,75.3%,12:31,"1,771"
980,Yarriambiack,31/03/2020,30.8%,23:24,91
981,Unincorporated,31/03/2020,20.0%,39:37,2
982,Interstate LGAs,31/03/2020,59.7%,18:27,248
983,Total AV,31/03/2020,81.8%,11:39,"77,397"
984,Alpine,30/06/2020,43.5%,20:05,108
985,Ararat,30/06/2020,60.3%,16:52,179
986,Ballarat,30/06/2020,83.0%,11:44,"1,540"
987,Banyule,30/06/2020,91.3%,10:15,"1,226"
988,Bass Coast,30/06/2020,66.5%,14:32,552
989,Baw Baw,30/06/2020,68.1%,14:23,700
990,Bayside,30/06/2020,86.6%,10:59,741
991,Benalla,30/06/2020,53.8%,17:19,212
992,Boroondara,30/06/2020,91.0%,10:18,"1,075"
993,Brimbank,30/06/2020,89.7%,10:22,"2,225"
994,Buloke,30/06/2020,24.3%,27:23,74
995,Campaspe,30/06/2020,66.5%,13:59,465
996,Cardinia,30/06/2020,72.8%,12:35,"1,107"
997,Casey,30/06/2020,84.3%,11:11,"3,208"
998,Central Goldfields,30/06/2020,59.3%,16:52,221
999,Colac-Otway,30/06/2020,64.7%,16:19,218
1000,Corangamite,30/06/2020,54.6%,17:45,174
1001,Darebin,30/06/2020,92.6%,9:51,"1,559"
1002,East Gippsland,30/06/2020,59.4%,16:19,715
1003,Frankston,30/06/2020,91.0%,10:14,"1,772"
1004,Gannawarra,30/06/2020,47.1%,21:08,138
1005,Glen Eira,30/06/2020,91.6%,10:02,"1,160"
1006,Glenelg,30/06/2020,72.5%,13:49,233
1007,Golden Plains,30/06/2020,28.7%,20:13,188
1008,Greater Bendigo,30/06/2020,74.5%,13:17,"1,553"
1009,Greater Dandenong,30/06/2020,90.4%,10:02,"1,828"
1010,Greater Geelong,30/06/2020,79.6%,12:00,"3,298"
1011,Greater Shepparton,30/06/2020,81.8%,11:28,997
1012,Hepburn,30/06/2020,42.5%,18:07,212
1013,Hindmarsh,30/06/2020,44.6%,21:50,74
1014,Hobsons Bay,30/06/2020,85.6%,10:50,988
1015,Horsham,30/06/2020,77.7%,12:06,283
1016,Hume,30/06/2020,85.9%,11:05,"2,808"
1017,Indigo,30/06/2020,27.3%,21:58,110
1018,Kingston,30/06/2020,89.8%,10:17,"1,587"
1019,Knox,30/06/2020,90.8%,10:16,"1,509"
1020,Latrobe,30/06/2020,79.8%,11:41,"1,478"
1021,Loddon,30/06/2020,34.9%,21:46,129
1022,Macedon Ranges,30/06/2020,58.7%,14:41,465
1023,Manningham,30/06/2020,83.7%,11:49,979
1024,Mansfield,30/06/2020,42.2%,23:35,90
1025,Maribyrnong,30/06/2020,90.9%,10:09,839
1026,Maroondah,30/06/2020,92.1%,9:31,"1,190"
1027,Melbourne,30/06/2020,93.2%,8:48,"1,567"
1028,Melton,30/06/2020,81.6%,11:32,"1,692"
1029,Mildura,30/06/2020,82.0%,11:57,779
1030,Mitchell,30/06/2020,62.3%,14:51,536
1031,Moira,30/06/2020,55.0%,17:38,436
1032,Monash,30/06/2020,89.3%,11:06,"1,487"
1033,Moonee Valley,30/06/2020,87.5%,11:16,"1,198"
1034,Moorabool,30/06/2020,66.0%,13:42,424
1035,Moreland,30/06/2020,92.1%,10:13,"1,963"
1036,Mornington Peninsula,30/06/2020,80.0%,11:33,"2,090"
1037,Mount Alexander,30/06/2020,48.8%,18:37,203
1038,Moyne,30/06/2020,39.6%,18:14,149
1039,Murrindindi,30/06/2020,40.0%,20:31,175
1040,Nillumbik,30/06/2020,67.7%,13:41,431
1041,Northern Grampians,30/06/2020,72.8%,13:48,158
1042,Port Phillip,30/06/2020,93.1%,9:24,979
1043,Pyrenees,30/06/2020,39.1%,19:29,128
1044,Queenscliffe,30/06/2020,54.1%,15:05,37
1045,South Gippsland,30/06/2020,45.1%,18:33,357
1046,Southern Grampians,30/06/2020,58.5%,17:55,159
1047,Stonnington,30/06/2020,89.8%,10:24,820
1048,Strathbogie,30/06/2020,43.1%,19:39,160
1049,Surf Coast,30/06/2020,59.9%,15:32,269
1050,Swan Hill,30/06/2020,71.2%,14:24,288
1051,Towong,30/06/2020,33.3%,24:17,81
1052,Wangaratta,30/06/2020,70.7%,14:53,389
1053,Warrnambool,30/06/2020,93.0%,10:05,357
1054,Wellington,30/06/2020,61.9%,15:13,548
1055,West Wimmera,30/06/2020,29.4%,22:35,34
1056,Whitehorse,30/06/2020,91.7%,9:42,"1,349"
1057,Whittlesea,30/06/2020,84.8%,11:08,"2,263"
1058,Wodonga,30/06/2020,85.3%,11:18,517
1059,Wyndham,30/06/2020,83.0%,11:22,"1,899"
1060,Yarra,30/06/2020,92.3%,9:04,874
1061,Yarra Ranges,30/06/2020,76.3%,12:24,"1,586"
1062,Yarriambiack,30/06/2020,32.6%,23:41,95
1063,Unincorporated,30/06/2020,0%,24:52,1
1064,Interstate LGAs,30/06/2020,60.6%,16:44,221
1065,Total AV,30/06/2020,81.6%,11:47,"66,906"
1066,Alpine,30/09/2020,52.2%,18:49,136
1067,Ararat,30/09/2020,63.3%,15:35,169
1068,Ballarat,30/09/2020,85.2%,11:19,"1,544"
1069,Banyule,30/09/2020,89.4%,10:21,"1,292"
1070,Bass Coast,30/09/2020,72.7%,13:12,568
1071,Baw Baw,30/09/2020,73.4%,13:31,719
1072,Bayside,30/09/2020,90.3%,10:43,741
1073,Benalla,30/09/2020,56.3%,17:30,199
1074,Boroondara,30/09/2020,91.1%,10:21,"1,099"
1075,Brimbank,30/09/2020,89.4%,10:32,"2,391"
1076,Buloke,30/09/2020,33.3%,23:28,81
1077,Campaspe,30/09/2020,64.8%,13:45,494
1078,Cardinia,30/09/2020,74.5%,12:20,"1,140"
1079,Casey,30/09/2020,85.4%,11:00,"3,296"
1080,Central Goldfields,30/09/2020,63.0%,16:37,211
1081,Colac-Otway,30/09/2020,65.5%,14:37,229
1082,Corangamite,30/09/2020,57.5%,15:31,219
1083,Darebin,30/09/2020,92.3%,9:52,"1,745"
1084,East Gippsland,30/09/2020,62.6%,16:03,744
1085,Frankston,30/09/2020,91.0%,10:09,"1,857"
1086,Gannawarra,30/09/2020,49.6%,19:27,135
1087,Glen Eira,30/09/2020,90.8%,10:06,"1,188"
1088,Glenelg,30/09/2020,74.7%,13:51,233
1089,Golden Plains,30/09/2020,33.0%,19:02,212
1090,Greater Bendigo,30/09/2020,76.8%,12:44,"1,744"
1091,Greater Dandenong,30/09/2020,90.5%,10:01,"1,773"
1092,Greater Geelong,30/09/2020,81.7%,11:43,"3,470"
1093,Greater Shepparton,30/09/2020,84.9%,10:40,982
1094,Hepburn,30/09/2020,40.4%,18:06,203
1095,Hindmarsh,30/09/2020,55.4%,19:22,83
1096,Hobsons Bay,30/09/2020,86.9%,11:08,"1,000"
1097,Horsham,30/09/2020,83.2%,11:19,304
1098,Hume,30/09/2020,83.3%,11:22,"2,952"
1099,Indigo,30/09/2020,28.2%,21:28,142
1100,Kingston,30/09/2020,90.0%,10:09,"1,523"
1101,Knox,30/09/2020,90.9%,10:08,"1,510"
1102,Latrobe,30/09/2020,81.4%,11:16,"1,439"
1103,Loddon,30/09/2020,39.6%,21:09,96
1104,Macedon Ranges,30/09/2020,68.0%,13:59,453
1105,Manningham,30/09/2020,87.4%,11:21,967
1106,Mansfield,30/09/2020,50.6%,17:38,87
1107,Maribyrnong,30/09/2020,90.1%,10:02,726
1108,Maroondah,30/09/2020,92.8%,9:34,"1,123"
1109,Melbourne,30/09/2020,93.3%,8:46,"1,446"
1110,Melton,30/09/2020,81.3%,11:35,"1,800"
1111,Mildura,30/09/2020,80.4%,11:54,777
1112,Mitchell,30/09/2020,66.0%,13:44,609
1113,Moira,30/09/2020,57.2%,16:34,493
1114,Monash,30/09/2020,89.8%,10:43,"1,533"
1115,Moonee Valley,30/09/2020,87.6%,11:15,"1,275"
1116,Moorabool,30/09/2020,68.9%,13:31,383
1117,Moreland,30/09/2020,89.0%,10:32,2015
1118,Mornington Peninsula,30/09/2020,82.8%,11:05,"1,981"
1119,Mount Alexander,30/09/2020,44.4%,19:25,225
1120,Moyne,30/09/2020,53.4%,15:49,133
1121,Murrindindi,30/09/2020,37.6%,20:34,178
1122,Nillumbik,30/09/2020,71.4%,13:31,461
1123,Northern Grampians,30/09/2020,66.5%,14:04,185
1124,Port Phillip,30/09/2020,92.4%,9:24,"1,033"
1125,Pyrenees,30/09/2020,35.6%,20:01,101
1126,Queenscliffe,30/09/2020,69.8%,14:51,53
1127,South Gippsland,30/09/2020,52.5%,17:18,379
1128,Southern Grampians,30/09/2020,62.6%,15:23,174
1129,Stonnington,30/09/2020,91.1%,10:17,743
1130,Strathbogie,30/09/2020,39.9%,19:25,173
1131,Surf Coast,30/09/2020,62.5%,14:31,299
1132,Swan Hill,30/09/2020,71.8%,13:36,277
1133,Towong,30/09/2020,33.3%,24:05,63
1134,Wangaratta,30/09/2020,73.2%,13:42,385
1135,Warrnambool,30/09/2020,90.4%,10:09,394
1136,Wellington,30/09/2020,60.7%,16:10,598
1137,West Wimmera,30/09/2020,35.1%,21:07,37
1138,Whitehorse,30/09/2020,93.0%,9:27,"1,392"
1139,Whittlesea,30/09/2020,83.1%,11:22,2326
1140,Wodonga,30/09/2020,83.6%,11:49,573
1141,Wyndham,30/09/2020,82.4%,11:33,"2,206"
1142,Yarra,30/09/2020,92.9%,9:03,807
1143,Yarra Ranges,30/09/2020,76.6%,12:03,"1,590"
1144,Yarriambiack,30/09/2020,50.0%,19:08,112
1145,Unincorporated,30/09/2020,36.4%,36:34,11
1146,Interstate LGAs,30/09/2020,56.1%,18:04,228
1147,Total AV,30/09/2020,82.3%,11:37,"68,667"
1148,Alpine,31/12/2020,46.1%,20:47,191
1149,Ararat,31/12/2020,62.8%,14:53,172
1150,Ballarat,31/12/2020,85.8%,11:18,"1,770"
1151,Banyule,31/12/2020,88.8%,10:51,"1,480"
1152,Bass Coast,31/12/2020,66.1%,14:54,654
1153,Baw Baw,31/12/2020,67.8%,14:48,779
1154,Bayside,31/12/2020,84.4%,11:49,788
1155,Benalla,31/12/2020,58.3%,16:42,216
1156,Boroondara,31/12/2020,88.6%,10:36,1355
1157,Brimbank,31/12/2020,86.3%,11:09,"2,523"
1158,Buloke,31/12/2020,34.0%,24:39,94
1159,Campaspe,31/12/2020,63.3%,14:27,607
1160,Cardinia,31/12/2020,70.4%,13:16,"1,333"
1161,Casey,31/12/2020,80.8%,11:52,"3,600"
1162,Central Goldfields,31/12/2020,60.2%,15:47,231
1163,Colac-Otway,31/12/2020,64.7%,15:41,269
1164,Corangamite,31/12/2020,51.4%,17:34,218
1165,Darebin,31/12/2020,90.9%,10:15,"1,875"
1166,East Gippsland,31/12/2020,61.8%,16:17,820
1167,Frankston,31/12/2020,87.8%,10:33,"2,188"
1168,Gannawarra,31/12/2020,52.3%,18:49,151
1169,Glen Eira,31/12/2020,89.1%,10:42,"1,294"
1170,Glenelg,31/12/2020,80.1%,12:22,241
1171,Golden Plains,31/12/2020,27.7%,20:54,235
1172,Greater Bendigo,31/12/2020,74.0%,13:29,"1,923"
1173,Greater Dandenong,31/12/2020,88.4%,10:36,"2,023"
1174,Greater Geelong,31/12/2020,79.6%,12:14,"3,943"
1175,Greater Shepparton,31/12/2020,81.7%,11:33,"1,196"
1176,Hepburn,31/12/2020,42.6%,19:39,242
1177,Hindmarsh,31/12/2020,59.8%,19:02,107
1178,Hobsons Bay,31/12/2020,81.5%,11:54,"1,061"
1179,Horsham,31/12/2020,84.2%,10:52,304
1180,Hume,31/12/2020,78.8%,12:03,"3,412"
1181,Indigo,31/12/2020,21.5%,23:12,158
1182,Kingston,31/12/2020,86.4%,11:04,"1,767"
1183,Knox,31/12/2020,90.0%,10:29,"1,654"
1184,Latrobe,31/12/2020,79.5%,11:32,"1,643"
1185,Loddon,31/12/2020,29.7%,23:41,128
1186,Macedon Ranges,31/12/2020,60.5%,14:55,607
1187,Manningham,31/12/2020,83.5%,12:07,"1,147"
1188,Mansfield,31/12/2020,44.6%,25:24,121
1189,Maribyrnong,31/12/2020,87.4%,10:34,894
1190,Maroondah,31/12/2020,90.5%,9:50,1373
1191,Melbourne,31/12/2020,92.0%,9:06,"2,005"
1192,Melton,31/12/2020,75.9%,12:49,"2,216"
1193,Mildura,31/12/2020,80.9%,12:10,891
1194,Mitchell,31/12/2020,63.6%,14:36,635
1195,Moira,31/12/2020,53.7%,17:42,561
1196,Monash,31/12/2020,85.9%,11:15,"1,771"
1197,Moonee Valley,31/12/2020,85.6%,11:26,"1,425"
1198,Moorabool,31/12/2020,59.8%,15:12,433
1199,Moreland,31/12/2020,88.0%,11:05,"1,993"
1200,Mornington Peninsula,31/12/2020,76.1%,12:15,"2,510"
1201,Mount Alexander,31/12/2020,43.9%,19:12,230
1202,Moyne,31/12/2020,50.6%,16:33,160
1203,Murrindindi,31/12/2020,48.7%,20:05,197
1204,Nillumbik,31/12/2020,63.4%,14:17,574
1205,Northern Grampians,31/12/2020,59.4%,16:23,219
1206,Port Phillip,31/12/2020,91.2%,9:49,"1,187"
1207,Pyrenees,31/12/2020,42.0%,19:29,112
1208,Queenscliffe,31/12/2020,59.6%,17:10,57
1209,South Gippsland,31/12/2020,49.9%,18:06,419
1210,Southern Grampians,31/12/2020,61.5%,16:27,182
1211,Stonnington,31/12/2020,88.4%,10:33,929
1212,Strathbogie,31/12/2020,44.5%,18:55,218
1213,Surf Coast,31/12/2020,61.1%,15:16,429
1214,Swan Hill,31/12/2020,70.0%,14:26,327
1215,Towong,31/12/2020,26.3%,30:20,80
1216,Wangaratta,31/12/2020,73.6%,13:46,470
1217,Warrnambool,31/12/2020,90.5%,10:21,442
1218,Wellington,31/12/2020,56.6%,16:03,702
1219,West Wimmera,31/12/2020,34.9%,22:04,43
1220,Whitehorse,31/12/2020,90.3%,10:10,"1,581"
1221,Whittlesea,31/12/2020,78.8%,12:06,"2,596"
1222,Wodonga,31/12/2020,83.5%,11:33,626
1223,Wyndham,31/12/2020,78.0%,12:19,"2,396"
1224,Yarra,31/12/2020,91.7%,9:32,940
1225,Yarra Ranges,31/12/2020,72.0%,13:03,"1,911"
1226,Yarriambiack,31/12/2020,37.4%,22:41,115
1227,Unincorporated,31/12/2020,0%,55:48,8
1228,Interstate LGAs,31/12/2020,61.5%,18:36,291
1229,Total AV,31/12/2020,79.3%,12:16,"78,668"
1230,Alpine,31/03/2021,40.0%,23:49,210
1231,Ararat,31/03/2021,58.9%,17:14,158
1232,Ballarat,31/03/2021,84.3%,11:51,"1,725"
1233,Banyule,31/03/2021,84.0%,11:33,"1,543"
1234,Bass Coast,31/03/2021,60.7%,16:10,708
1235,Baw Baw,31/03/2021,66.1%,15:04,859
1236,Bayside,31/03/2021,79.1%,13:11,856
1237,Benalla,31/03/2021,58.9%,17:59,224
1238,Boroondara,31/03/2021,84.7%,12:09,"1,338"
1239,Brimbank,31/03/2021,80.0%,12:33,"2,702"
1240,Buloke,31/03/2021,34.1%,24:53,85
1241,Campaspe,31/03/2021,64.5%,14:19,595
1242,Cardinia,31/03/2021,64.6%,14:54,"1,405"
1243,Casey,31/03/2021,76.3%,12:50,"3,898"
1244,Central Goldfields,31/03/2021,56.0%,17:50,252
1245,Colac-Otway,31/03/2021,64.0%,16:24,275
1246,Corangamite,31/03/2021,60.7%,15:27,196
1247,Darebin,31/03/2021,84.9%,11:44,"1,982"
1248,East Gippsland,31/03/2021,58.4%,17:20,819
1249,Frankston,31/03/2021,84.5%,11:27,"2,184"
1250,Gannawarra,31/03/2021,41.0%,21:28,134
1251,Glen Eira,31/03/2021,83.2%,11:54,"1,321"
1252,Glenelg,31/03/2021,71.2%,14:25,260
1253,Golden Plains,31/03/2021,26.4%,21:30,216
1254,Greater Bendigo,31/03/2021,74.5%,13:19,"1,908"
1255,Greater Dandenong,31/03/2021,84.2%,11:29,"2,067"
1256,Greater Geelong,31/03/2021,78.4%,12:28,"3,835"
1257,Greater Shepparton,31/03/2021,80.4%,12:16,"1,197"
1258,Hepburn,31/03/2021,38.2%,19:13,228
1259,Hindmarsh,31/03/2021,56.6%,20:10,83
1260,Hobsons Bay,31/03/2021,76.5%,12:54,"1,083"
1261,Horsham,31/03/2021,79.1%,11:39,297
1262,Hume,31/03/2021,72.1%,13:43,"3,585"
1263,Indigo,31/03/2021,27.6%,22:39,199
1264,Kingston,31/03/2021,79.4%,12:30,"1,754"
1265,Knox,31/03/2021,85.3%,11:26,"1,779"
1266,Latrobe,31/03/2021,77.2%,12:11,"1,594"
1267,Loddon,31/03/2021,27.3%,23:32,128
1268,Macedon Ranges,31/03/2021,61.3%,15:14,560
1269,Manningham,31/03/2021,80.1%,13:07,"1,160"
1270,Mansfield,31/03/2021,32.4%,28:17,105
1271,Maribyrnong,31/03/2021,81.7%,12:04,968
1272,Maroondah,31/03/2021,87.0%,10:51,"1,374"
1273,Melbourne,31/03/2021,85.3%,11:06,"2,371"
1274,Melton,31/03/2021,67.4%,14:22,2252
1275,Mildura,31/03/2021,80.1%,12:14,871
1276,Mitchell,31/03/2021,60.2%,15:16,716
1277,Moira,31/03/2021,46.1%,20:12,623
1278,Monash,31/03/2021,80.6%,12:17,"1,834"
1279,Moonee Valley,31/03/2021,82.8%,12:08,"1,430"
1280,Moorabool,31/03/2021,58.5%,15:28,448
1281,Moreland,31/03/2021,82.6%,12:30,"2,295"
1282,Mornington Peninsula,31/03/2021,71.7%,13:19,"2,669"
1283,Mount Alexander,31/03/2021,43.9%,20:19,253
1284,Moyne,31/03/2021,40.5%,18:50,173
1285,Murrindindi,31/03/2021,33.5%,22:28,251
1286,Nillumbik,31/03/2021,57.4%,16:16,589
1287,Northern Grampians,31/03/2021,58.3%,15:53,204
1288,Port Phillip,31/03/2021,85.9%,11:26,"1,267"
1289,Pyrenees,31/03/2021,38.7%,20:15,150
1290,Queenscliffe,31/03/2021,57.7%,15:30,71
1291,South Gippsland,31/03/2021,40.0%,21:00,482
1292,Southern Grampians,31/03/2021,62.4%,16:00,173
1293,Stonnington,31/03/2021,84.2%,12:16,"1,117"
1294,Strathbogie,31/03/2021,34.0%,20:31,203
1295,Surf Coast,31/03/2021,57.9%,15:22,418
1296,Swan Hill,31/03/2021,67.3%,14:46,281
1297,Towong,31/03/2021,32.6%,26:13,92
1298,Wangaratta,31/03/2021,72.2%,14:48,489
1299,Warrnambool,31/03/2021,90.4%,10:17,450
1300,Wellington,31/03/2021,57.1%,17:31,674
1301,West Wimmera,31/03/2021,32.1%,25:23,28
1302,Whitehorse,31/03/2021,85.5%,11:12,"1,651"
1303,Whittlesea,31/03/2021,74.2%,13:29,"2,693"
1304,Wodonga,31/03/2021,84.1%,11:45,634
1305,Wyndham,31/03/2021,72.9%,13:21,"2,510"
1306,Yarra,31/03/2021,89.4%,10:57,"1,154"
1307,Yarra Ranges,31/03/2021,66.5%,14:36,"1,860"
1308,Yarriambiack,31/03/2021,31.5%,21:50,111
1309,Unincorporated,31/03/2021,20.0%,52:01,10
1310,Interstate LGAs,31/03/2021,50.3%,19:05,302
1311,Total AV,31/03/2021,75.1%,13:19,"81,648"
1312,Alpine,30/06/2021,47.3%,22:04,169
1313,Ararat,30/06/2021,60.4%,16:57,159
1314,Ballarat,30/06/2021,85.0%,11:39,"1,948"
1315,Banyule,30/06/2021,79.2%,12:21,"1,626"
1316,Bass Coast,30/06/2021,63.4%,16:07,725
1317,Baw Baw,30/06/2021,66.3%,14:41,843
1318,Bayside,30/06/2021,74.6%,14:17,881
1319,Benalla,30/06/2021,56.2%,18:22,274
1320,Boroondara,30/06/2021,81.8%,12:55,"1,458"
1321,Brimbank,30/06/2021,77.4%,13:04,"2,690"
1322,Buloke,30/06/2021,29.3%,28:10, 99
1323,Campaspe,30/06/2021,58.5%,16:04,626
1324,Cardinia,30/06/2021,61.3%,15:10,"1,389"
1325,Casey,30/06/2021,71.4%,13:41,"4,178"
1326,Central Goldfields,30/06/2021,55.6%,17:52,239
1327,Colac-Otway,30/06/2021,64.4%,15:50,253
1328,Corangamite,30/06/2021,54.3%,17:11,230
1329,Darebin,30/06/2021,82.2%,12:28,"2,004"
1330,East Gippsland,30/06/2021,58.5%,16:38,905
1331,Frankston,30/06/2021,80.8%,12:24,"2,356"
1332,Gannawarra,30/06/2021,46.6%,20:07,131
1333,Glen Eira,30/06/2021,82.5%,12:07,"1,412"
1334,Glenelg,30/06/2021,75.2%,12:55,270
1335,Golden Plains,30/06/2021,35.4%,19:09,237
1336,Greater Bendigo,30/06/2021,75.3%,13:49,"2,068"
1337,Greater Dandenong,30/06/2021,80.8%,11:56,"2,176"
1338,Greater Geelong,30/06/2021,78.5%,12:35,"4,090"
1339,Greater Shepparton,30/06/2021,77.0%,12:51,"1,244"
1340,Hepburn,30/06/2021,33.9%,20:48,233
1341,Hindmarsh,30/06/2021,51.9%,18:23,104
1342,Hobsons Bay,30/06/2021,76.9%,12:50,"1,130"
1343,Horsham,30/06/2021,83.3%,11:20,324
1344,Hume,30/06/2021,68.4%,14:26,"3,599"
1345,Indigo,30/06/2021,26.3%,21:51,171
1346,Kingston,30/06/2021,77.5%,12:45,"1,843"
1347,Knox,30/06/2021,79.5%,12:29,"1,877"
1348,Latrobe,30/06/2021,77.9%,11:56,"1,650"
1349,Loddon,30/06/2021,28.8%,25:07,146
1350,Macedon Ranges,30/06/2021,58.0%,15:50,600
1351,Manningham,30/06/2021,76.6%,13:31,"1,261"
1352,Mansfield,30/06/2021,35.4%,27:56,113
1353,Maribyrnong,30/06/2021,81.6%,12:09,"1,011"
1354,Maroondah,30/06/2021,86.0%,11:06,"1,474"
1355,Melbourne,30/06/2021,83.6%,11:32,"2,240"
1356,Melton,30/06/2021,62.9%,15:00,"2,265"
1357,Mildura,30/06/2021,77.7%,12:51,"1,000"
1358,Mitchell,30/06/2021,52.8%,16:57,699
1359,Moira,30/06/2021,51.7%,18:54,575
1360,Monash,30/06/2021,77.4%,13:02,"1,939"
1361,Moonee Valley,30/06/2021,76.6%,13:45,"1,486"
1362,Moorabool,30/06/2021,49.8%,16:45,456
1363,Moreland,30/06/2021,79.6%,13:05,"2,374"
1364,Mornington Peninsula,30/06/2021,67.6%,14:13,"2,670"
1365,Mount Alexander,30/06/2021,46.6%,19:41,262
1366,Moyne,30/06/2021,39.8%,18:13,191
1367,Murrindindi,30/06/2021,31.7%,22:50,240
1368,Nillumbik,30/06/2021,51.0%,17:32,624
1369,Northern Grampians,30/06/2021,61.9%,16:59,181
1370,Port Phillip,30/06/2021,83.7%,11:52,"1,255"
1371,Pyrenees,30/06/2021,49.6%,19:09,131
1372,Queenscliffe,30/06/2021,56.1%,16:25,66
1373,South Gippsland,30/06/2021,44.5%,18:55,431
1374,Southern Grampians,30/06/2021,62.1%,16:32,211
1375,Stonnington,30/06/2021,81.6%,12:27,992
1376,Strathbogie,30/06/2021,34.8%,21:19,204
1377,Surf Coast,30/06/2021,56.9%,16:04,392
1378,Swan Hill,30/06/2021,68.1%,14:58,310
1379,Towong,30/06/2021,45.2%,22:44,73
1380,Wangaratta,30/06/2021,70.7%,14:55,454
1381,Warrnambool,30/06/2021,90.5%,10:03,465
1382,Wellington,30/06/2021,59.4%,15:59,695
1383,West Wimmera,30/06/2021,37.3%,21:26,67
1384,Whitehorse,30/06/2021,83.1%,11:53,"1,714"
1385,Whittlesea,30/06/2021,71.7%,13:57,"2,845"
1386,Wodonga,30/06/2021,82.7%,12:01,620
1387,Wyndham,30/06/2021,74.6%,13:18,"2,613"
1388,Yarra,30/06/2021,84.4%,11:42,"1,131"
1389,Yarra Ranges,30/06/2021,62.8%,15:13,"1,893"
1390,Yarriambiack,30/06/2021,36.6%,22:15,142
1391,Unincorporated,30/06/2021,41.2%,33:29,17
1392,Interstate LGAs,30/06/2021,58.3%,18:54,302
1393,Total AV,30/06/2021,73.1%,13:44,"84,441"
1394,Alpine,30/09/2021,43.8%,19:46,160
1395,Ararat,30/09/2021,61.2%,16:49,152
1396,Ballarat,30/09/2021,82.7%,11:51,"1,847"
1397,Banyule,30/09/2021,79.1%,12:46,"1,498"
1398,Bass Coast,30/09/2021,62.8%,15:45,615
1399,Baw Baw,30/09/2021,63.6%,15:30,800
1400,Bayside,30/09/2021,81.8%,12:31,850
1401,Benalla,30/09/2021,62.1%,15:57,203
1402,Boroondara,30/09/2021,83.1%,12:36,"1,314"
1403,Brimbank,30/09/2021,76.5%,13:07,"2,616"
1404,Buloke,30/09/2021,34.6%,25:03,81
1405,Campaspe,30/09/2021,59.8%,15:12,517
1406,Cardinia,30/09/2021,61.4%,15:22,"1,429"
1407,Casey,30/09/2021,75.5%,13:16,"3,839"
1408,Central Goldfields,30/09/2021,53.1%,18:22,224
1409,Colac-Otway,30/09/2021,65.5%,15:40,235
1410,Corangamite,30/09/2021,54.1%,17:33,229
1411,Darebin,30/09/2021,80.9%,12:40,"1,915"
1412,East Gippsland,30/09/2021,57.4%,16:59,814
1413,Frankston,30/09/2021,81.9%,11:55,"2,064"
1414,Gannawarra,30/09/2021,49.2%,20:10,124
1415,Glen Eira,30/09/2021,82.9%,12:11,"1,410"
1416,Glenelg,30/09/2021,74.2%,13:27,240
1417,Golden Plains,30/09/2021,31.9%,20:04,232
1418,Greater Bendigo,30/09/2021,75.2%,13:18,"1,897"
1419,Greater Dandenong,30/09/2021,84.2%,11:47,"2,017"
1420,Greater Geelong,30/09/2021,77.2%,12:45,"3,900"
1421,Greater Shepparton,30/09/2021,77.7%,12:39,"1,124"
1422,Hepburn,30/09/2021,45.2%,18:11,228
1423,Hindmarsh,30/09/2021,55.2%,19:28,87
1424,Hobsons Bay,30/09/2021,76.6%,13:07,"1,149"
1425,Horsham,30/09/2021,82.8%,11:41,302
1426,Hume,30/09/2021,65.5%,15:12,"4,304"
1427,Indigo,30/09/2021,34.1%,20:32,170
1428,Kingston,30/09/2021,79.5%,12:14,"1,789"
1429,Knox,30/09/2021,80.9%,12:16,"1,727"
1430,Latrobe,30/09/2021,75.5%,12:14,"1,648"
1431,Loddon,30/09/2021,32.5%,22:59,123
1432,Macedon Ranges,30/09/2021,62.0%,15:22,589
1433,Manningham,30/09/2021,75.0%,13:54,"1,155"
1434,Mansfield,30/09/2021,39.0%,27:39,82
1435,Maribyrnong,30/09/2021,80.1%,12:35,885
1436,Maroondah,30/09/2021,83.0%,11:37,"1,339"
1437,Melbourne,30/09/2021,85.3%,11:09,"1,981"
1438,Melton,30/09/2021,63.5%,15:24,"2,275"
1439,Mildura,30/09/2021,77.4%,12:48,836
1440,Mitchell,30/09/2021,60.2%,16:03,668
1441,Moira,30/09/2021,47.7%,19:04,493
1442,Monash,30/09/2021,80.9%,12:52,"1,800"
1443,Moonee Valley,30/09/2021,78.6%,13:06,"1,419"
1444,Moorabool,30/09/2021,52.4%,17:06,441
1445,Moreland,30/09/2021,78.2%,13:03,"2,440"
1446,Mornington Peninsula,30/09/2021,70.8%,13:18,"2,343"
1447,Mount Alexander,30/09/2021,53.2%,17:25,231
1448,Moyne,30/09/2021,44.7%,17:57,132
1449,Murrindindi,30/09/2021,42.0%,20:58,205
1450,Nillumbik,30/09/2021,54.0%,16:44,598
1451,Northern Grampians,30/09/2021,67.7%,15:06,226
1452,Port Phillip,30/09/2021,85.4%,11:29,"1,169"
1453,Pyrenees,30/09/2021,42.3%,21:01,104
1454,Queenscliffe,30/09/2021,60.9%,16:35,46
1455,South Gippsland,30/09/2021,48.8%,18:20,426
1456,Southern Grampians,30/09/2021,58.7%,18:02,172
1457,Stonnington,30/09/2021,80.7%,12:53,885
1458,Strathbogie,30/09/2021,33.0%,21:55,209
1459,Surf Coast,30/09/2021,59.9%,14:55,369
1460,Swan Hill,30/09/2021,69.4%,15:17,301
1461,Towong,30/09/2021,41.1%,23:16,73
1462,Wangaratta,30/09/2021,73.3%,14:29,480
1463,Warrnambool,30/09/2021,88.3%,10:31,443
1464,Wellington,30/09/2021,56.6%,17:16,656
1465,West Wimmera,30/09/2021,39.2%,23:17,51
1466,Whitehorse,30/09/2021,85.8%,11:09,"1,615"
1467,Whittlesea,30/09/2021,68.4%,14:20,"2,944"
1468,Wodonga,30/09/2021,77.4%,13:20,588
1469,Wyndham,30/09/2021,74.2%,13:32,"2,704"
1470,Yarra,30/09/2021,86.0%,11:09,983
1471,Yarra Ranges,30/09/2021,65.6%,14:25,"1,831"
1472,Yarriambiack,30/09/2021,37.7%,24:38,106
1473,Unincorporated,30/09/2021,60.0%,16:58,35
1474,Interstate LGAs,30/09/2021,58.7%,18:22,259
1475,Total AV,30/09/2021,73.5%,13:39,"80,460"
1476,Alpine,31/12/2021,37.4%,24:43,182
1477,Ararat,31/12/2021,59.9%,17:34,167
1478,Ballarat,31/12/2021,80.4%,12:53,"1,904"
1479,Banyule,31/12/2021,72.8%,14:05,1550
1480,Bass Coast,31/12/2021,57.5%,17:03,711
1481,Baw Baw,31/12/2021,55.5%,17:09,847
1482,Bayside,31/12/2021,67.9%,15:26,878
1483,Benalla,31/12/2021,55.7%,17:21,255
1484,Boroondara,31/12/2021,75.4%,13:59,"1,409"
1485,Brimbank,31/12/2021,67.0%,15:09,"3,162"
1486,Buloke,31/12/2021,27.1%,26:10,70
1487,Campaspe,31/12/2021,57.0%,16:51,623
1488,Cardinia,31/12/2021,53.5%,17:21,"1,573"
1489,Casey,31/12/2021,63.3%,15:26,"4,856"
1490,Central Goldfields,31/12/2021,51.5%,18:31,231
1491,Colac-Otway,31/12/2021,53.3%,19:41,240
1492,Corangamite,31/12/2021,49.2%,17:34,252
1493,Darebin,31/12/2021,75.2%,13:52,"2,244"
1494,East Gippsland,31/12/2021,53.2%,18:51,885
1495,Frankston,31/12/2021,74.2%,13:37,"2,406"
1496,Gannawarra,31/12/2021,45.6%,21:25,136
1497,Glen Eira,31/12/2021,76.1%,13:41,"1,533"
1498,Glenelg,31/12/2021,79.0%,13:10,238
1499,Golden Plains,31/12/2021,29.9%,20:23,234
1500,Greater Bendigo,31/12/2021,70.8%,14:26,"1,983"
1501,Greater Dandenong,31/12/2021,73.5%,13:58,"2,623"
1502,Greater Geelong,31/12/2021,74.8%,13:13,"4,138"
1503,Greater Shepparton,31/12/2021,73.2%,14:02,"1,398"
1504,Hepburn,31/12/2021,39.0%,20:35,246
1505,Hindmarsh,31/12/2021,53.6%,19:27,112
1506,Hobsons Bay,31/12/2021,66.2%,14:34,"1,280"
1507,Horsham,31/12/2021,81.2%,12:00,340
1508,Hume,31/12/2021,57.5%,16:45,"5,004"
1509,Indigo,31/12/2021,35.0%,21:50,180
1510,Kingston,31/12/2021,70.0%,14:37,"1,870"
1511,Knox,31/12/2021,74.3%,13:52,"1,787"
1512,Latrobe,31/12/2021,71.2%,13:33,"1,829"
1513,Loddon,31/12/2021,20.6%,25:18,107
1514,Macedon Ranges,31/12/2021,57.4%,16:22,589
1515,Manningham,31/12/2021,68.5%,14:51,"1,319"
1516,Mansfield,31/12/2021,38.8%,26:11,121
1517,Maribyrnong,31/12/2021,74.3%,13:53,"1,084"
1518,Maroondah,31/12/2021,77.0%,13:12,"1,408"
1519,Melbourne,31/12/2021,79.2%,12:31,"2,637"
1520,Melton,31/12/2021,53.2%,17:36,"2,905"
1521,Mildura,31/12/2021,78.8%,13:05,950
1522,Mitchell,31/12/2021,52.6%,17:17,722
1523,Moira,31/12/2021,43.7%,21:27,593
1524,Monash,31/12/2021,69.8%,14:39,"2,003"
1525,Moonee Valley,31/12/2021,68.5%,14:57,"1,666"
1526,Moorabool,31/12/2021,43.7%,20:01,449
1527,Moreland,31/12/2021,70.6%,14:39,"2,634"
1528,Mornington Peninsula,31/12/2021,66.3%,14:36,"2,627"
1529,Mount Alexander,31/12/2021,46.5%,18:24,217
1530,Moyne,31/12/2021,34.6%,19:52,182
1531,Murrindindi,31/12/2021,39.8%,21:58,259
1532,Nillumbik,31/12/2021,52.6%,17:02,565
1533,Northern Grampians,31/12/2021,62.9%,16:55,197
1534,Port Phillip,31/12/2021,75.4%,13:24,"1,429"
1535,Pyrenees,31/12/2021,46.2%,20:11,119
1536,Queenscliffe,31/12/2021,59.5%,15:27,42
1537,South Gippsland,31/12/2021,43.0%,20:12,456
1538,Southern Grampians,31/12/2021,61.0%,17:14,187
1539,Stonnington,31/12/2021,75.4%,14:05,"1,058"
1540,Strathbogie,31/12/2021,28.6%,23:40,210
1541,Surf Coast,31/12/2021,57.7%,16:28,421
1542,Swan Hill,31/12/2021,64.9%,16:20,319
1543,Towong,31/12/2021,32.0%,25:48,75
1544,Wangaratta,31/12/2021,74.9%,13:08,506
1545,Warrnambool,31/12/2021,86.4%,11:01,485
1546,Wellington,31/12/2021,48.8%,19:25,707
1547,West Wimmera,31/12/2021,30.0%,23:44,40
1548,Whitehorse,31/12/2021,74.2%,13:46,"1,607"
1549,Whittlesea,31/12/2021,62.1%,15:29,"3,512"
1550,Wodonga,31/12/2021,72.2%,14:59,672
1551,Wyndham,31/12/2021,63.5%,15:33,"3,358"
1552,Yarra,31/12/2021,78.2%,12:52,"1,182"
1553,Yarra Ranges,31/12/2021,59.1%,16:13,"1,943"
1554,Yarriambiack,31/12/2021,41.6%,23:40,113
1555,Unincorporated,31/12/2021,14.3%,47:11,7
1556,Interstate LGAs,31/12/2021,42.6%,21:53,317
1557,Total AV,31/12/2021,66.5%,15:11,"91,397"
1558,Alpine,31/03/2022,39.5%,23:30,210
1559,Ararat,31/03/2022,58.8%,17:17,216
1560,Ballarat,31/03/2022,78.4%,13:16,"2,022"
1561,Banyule,31/03/2022,72.1%,14:02,"1,550"
1562,Bass Coast,31/03/2022,55.6%,17:23,711
1563,Baw Baw,31/03/2022,59.9%,16:37,832
1564,Bayside,31/03/2022,70.6%,15:22,952
1565,Benalla,31/03/2022,55.9%,17:28,254
1566,Boroondara,31/03/2022,73.5%,13:52,"1,518"
1567,Brimbank,31/03/2022,68.7%,14:37,3157
1568,Buloke,31/03/2022,34.0%,27:23,100
1569,Campaspe,31/03/2022,55.8%,16:53,640
1570,Cardinia,31/03/2022,55.8%,16:56,"1,620"
1571,Casey,31/03/2022,63.1%,15:37,"4,770"
1572,Central Goldfields,31/03/2022,57.3%,18:34,248
1573,Colac-Otway,31/03/2022,64.2%,15:50,268
1574,Corangamite,31/03/2022,46.0%,19:19,239
1575,Darebin,31/03/2022,77.7%,13:27,"2,231"
1576,East Gippsland,31/03/2022,51.0%,20:04,929
1577,Frankston,31/03/2022,72.6%,13:43,"2,409"
1578,Gannawarra,31/03/2022,37.0%,23:32,138
1579,Glen Eira,31/03/2022,72.5%,14:06,"1,551"
1580,Glenelg,31/03/2022,67.4%,16:00,273
1581,Golden Plains,31/03/2022,32.2%,21:18,236
1582,Greater Bendigo,31/03/2022,67.7%,14:59,"2,110"
1583,Greater Dandenong,31/03/2022,73.0%,14:09,"2,540"
1584,Greater Geelong,31/03/2022,72.0%,13:55,"4,410"
1585,Greater Shepparton,31/03/2022,70.6%,14:54,"1,389"
1586,Hepburn,31/03/2022,40.4%,20:20,277
1587,Hindmarsh,31/03/2022,57.4%,18:47,94
1588,Hobsons Bay,31/03/2022,66.3%,14:55,"1,325"
1589,Horsham,31/03/2022,73.5%,13:42,336
1590,Hume,31/03/2022,62.9%,15:41,"4,584"
1591,Indigo,31/03/2022,24.6%,24:51,195
1592,Kingston,31/03/2022,71.3%,14:15,"2,058"
1593,Knox,31/03/2022,75.6%,13:42,"1,915"
1594,Latrobe,31/03/2022,74.8%,12:57,"1,747"
1595,Loddon,31/03/2022,18.4%,26:20,136
1596,Macedon Ranges,31/03/2022,56.9%,16:35,634
1597,Manningham,31/03/2022,63.7%,15:58,"1,282"
1598,Mansfield,31/03/2022,45.9%,25:55,85
1599,Maribyrnong,31/03/2022,69.2%,15:27,"1,125"
1600,Maroondah,31/03/2022,77.5%,13:12,"1,441"
1601,Melbourne,31/03/2022,78.1%,12:54,"2,761"
1602,Melton,31/03/2022,56.0%,16:41,"2,874"
1603,Mildura,31/03/2022,75.6%,13:47,"1,074"
1604,Mitchell,31/03/2022,52.4%,18:08,763
1605,Moira,31/03/2022,46.9%,20:11,603
1606,Monash,31/03/2022,67.3%,15:32,"2,141"
1607,Moonee Valley,31/03/2022,69.2%,14:59,"1,589"
1608,Moorabool,31/03/2022,43.8%,18:38,493
1609,Moreland,31/03/2022,71.9%,14:23,"2,636"
1610,Mornington Peninsula,31/03/2022,64.0%,15:21,"2,719"
1611,Mount Alexander,31/03/2022,44.3%,18:52,253
1612,Moyne,31/03/2022,42.6%,18:02,209
1613,Murrindindi,31/03/2022,32.8%,24:43,253
1614,Nillumbik,31/03/2022,48.1%,17:37,667
1615,Northern Grampians,31/03/2022,57.0%,19:02,223
1616,Port Phillip,31/03/2022,74.2%,13:44,"1,436"
1617,Pyrenees,31/03/2022,29.3%,22:29,123
1618,Queenscliffe,31/03/2022,65.9%,16:29,82
1619,South Gippsland,31/03/2022,48.5%,19:20,474
1620,Southern Grampians,31/03/2022,68.8%,14:40,234
1621,Stonnington,31/03/2022,72.4%,14:52,"1,125"
1622,Strathbogie,31/03/2022,25.3%,24:00,233
1623,Surf Coast,31/03/2022,57.1%,16:17,478
1624,Swan Hill,31/03/2022,67.6%,15:43,327
1625,Towong,31/03/2022,34.2%,31:08,73
1626,Wangaratta,31/03/2022,70.2%,15:30,517
1627,Warrnambool,31/03/2022,86.3%,10:57,527
1628,Wellington,31/03/2022,52.0%,19:09,677
1629,West Wimmera,31/03/2022,37.9%,23:12,58
1630,Whitehorse,31/03/2022,74.8%,13:50,"1,676"
1631,Whittlesea,31/03/2022,65.8%,15:25,"3,413"
1632,Wodonga,31/03/2022,76.7%,13:08,724
1633,Wyndham,31/03/2022,69.1%,14:43,"3,282"
1634,Yarra,31/03/2022,78.7%,13:18,"1,300"
1635,Yarra Ranges,31/03/2022,60.3%,16:14,"1,953"
1636,Yarriambiack,31/03/2022,38.0%,25:27,121
1637,Unincorporated,31/03/2022,12.5%,51:19,16
1638,Interstate LGAs,31/03/2022,49.7%,20:24,370
1639,Total AV,31/03/2022,66.8%,15:15,"93,234"
